SMILES,MP exp,GNN1,GNN2,GNN3,GNN4,GNN5,GNN6,GNN7,GNN8,GNN9,GNN10,consensus GNN,SD
COCC1=C(N=CC2=C1C1=C(N2)C=CC(OCC2=CC=CC=C2)=C1)C(=O)OC(C)C,150,165.49634,156.92807,146.6358,164.44337,149.5664,150.02486,165.55305,128.14474,152.78432,177.51369,155.709064,12.9097766231048
CCCC(=O)NC1=CC=C(OCC(O)CNC(C)C)C(=C1)C(C)=O,119,116.07125,130.99918,114.1204,156.53226,127.04829,113.289215,112.629234,125.79326,138.51736,110.257935,124.5258384,13.8606066021724
CCC(Br)(CC)C(=O)NC(=O)NC(C)=O,109,117.78502,117.04597,105.06075,121.76327,96.74531,134.10806,131.0065,175.85597,103.58396,107.52523,121.048004,21.5288092196053
OC(=O)COC(=O)CC1=CC=CC=C1NC1=C(Cl)C=CC=C1Cl,149,232.38028,220.64595,224.08635,209.17522,248.9573,248.64325,246.55527,242.18748,192.64732,229.84468,229.51231,17.561995166129
CC(=O)NC1=CC=C(C=C1)S(=O)(=O)C1=CC=C(NC(C)=O)C=C1,289,228.3498,182.766,235.8062,226.192,248.19554,212.77158,206.51572,205.67564,203.14886,218.0065,216.742784,17.7773979182529
NC1=CC=C(C=C1)S(=O)(=O)C1=CC=C(NCC(O)=O)C=C1,194,190.21967,163.42245,192.02618,186.29768,185.20747,166.74619,176.49765,171.20242,170.6016,152.39958,175.462089,12.2481771487813
CC(=O)NC(CCC(N)=O)C(O)=O,197,163.4847,184.39531,170.41208,158.59465,160.88374,184.65874,166.11815,162.33244,178.43382,163.63426,169.294789,9.26525624675912
COC1=CC=C2N(C(=O)C3=CC=C(Cl)C=C3)C(C)=C(CC(=O)OCC(O)=O)C2=C1,150,181.75723,162.92548,164.34903,172.12624,163.16353,168.32811,146.54704,179.98514,177.75693,165.95807,168.28968,9.85529176088562
CC(=O)NC1=CC=C(O)C=C1,169,177.66214,175.61339,147.87775,149.5674,137.09883,174.7712,154.72874,149.5622,172.38258,149.22545,158.848968,13.9537574890757
CC(=O)NC1=CC=C(OC(=O)C2=CC=CC=C2O)C=C1,187,141.13948,160.43398,136.7877,137.34755,137.93825,137.34962,154.58733,144.20876,138.53545,149.45123,143.777935,7.91657897484671
CC(=O)SCC(CC1=CC=CC=C1)C(=O)NCC(=O)OCC1=CC=CC=C1,89,61.1425,86.42192,53.587757,130.56816,75.18003,98.352135,78.5655,72.75287,121.595924,137.78737,91.5954166,27.9128421444578
CCC(C(=O)NC(=O)NC(C)=O)C1=CC=CC=C1,100,196.63068,157.60007,137.58322,175.56053,163.4116,150.4181,148.77167,168.72693,163.73366,150.98195,161.341841,15.7326256384803
CC(=O)OC1=CC=CC=C1C(O)=O,142.4,105.81401,125.526794,112.790436,118.40863,127.35521,107.86396,115.528404,115.63585,117.84652,117.74133,116.4511144,6.40714264740043
NC1=NC2=C(N=CN2COCCO)C(=O)N1,255,215.18492,260.93857,231.00824,262.89517,248.04347,265.44266,290.23358,283.1365,251.23518,214.04942,252.216771,24.6223799640999
CC1(OC(=CC1=O)C(O)=O)C1=CC=CC=C1,176,145.18274,107.315315,112.975105,161.5455,158.84122,147.90671,119.02944,153.03444,144.64728,117.350784,136.7828534,19.3596370543502
COC1=CC(C)=C(C=CC(C)=CC=CC(C)=CC(O)=O)C(C)=C1C,228,221.71278,231.675,223.7923,209.13022,216.7509,214.06958,202.95973,238.93237,202.12646,216.12007,217.726941,11.1765566312022
ONC(=O)CS(=O)C(C1=CC=CC=C1)C1=CC=CC=C1,159,149.63167,147.84937,188.60167,207.02202,147.7084,198.20917,156.27061,145.95355,150.8448,182.69647,167.478773,22.6850791484716
CN(C)CC(=O)N1C2=CC=CC=C2SC2=CC=CC=C12,144,130.00366,153.40543,130.49706,113.546875,133.49892,136.18208,172.90254,132.4417,139.32994,115.77878,135.7586985,16.350785130926
CCCSC1=CC=C2NC(NC(=O)OC)=NC2=C1,208,199.01111,226.66946,213.35553,219.05807,199.79697,252.21173,212.6202,187.34033,220.4733,158.22804,208.876474,23.8235086113634
CC(C)CC1NC(=S)N(CC=C)C1=O,210,120.209175,114.714294,94.39335,109.29042,107.77976,92.18796,93.48158,120.199394,67.42082,91.84719,101.1523943,15.586265544134
OC(=O)CC1=CC=C(OCC=C)C(Cl)=C1,92,88.078125,81.82272,69.12353,89.7169,94.43273,91.315414,93.3361,65.24509,54.664032,95.71157,82.3446211,13.590392208776
COC1=CC(CC=C)=CC(C(=O)NCCO)=C1O,95,102.31626,124.21707,93.79708,126.04297,93.882324,92.99152,114.07737,79.76675,132.40866,121.51586,108.1015864,16.9101803613064
COC1=CC2=C(C=C1C(=O)NCC1CCCN1CC=C)N=NN2,139,199.13516,212.55786,153.18282,187.45668,155.43732,159.52902,152.11714,158.46788,174.05989,155.87657,170.782034,20.5716308789611
CCCN(CCC)C(=O)CC1=C(N=C2C=CC(Cl)=CN12)C1=CC=C(Cl)C=C1,140,135.47855,159.17702,143.13051,143.92711,142.98175,121.38146,151.37378,133.63356,133.12357,151.27171,141.547902,10.4366465706383
CNCC(O)C1=CC=CC(NS(C)(=O)=O)=C1,159,217.87437,171.99542,204.50516,199.78877,194.55132,218.0548,179.40987,195.097,185.65074,206.82097,197.374842,14.5301748676675
NC1=NCC(O1)C1=CC=CC=C1,136,152.77243,141.33717,94.6603,145.75383,129.31258,116.826866,149.90912,166.40132,144.9779,105.98768,134.7939196,21.4726292263142
CN1C(=O)C=C(N)N(CC(C)=C)C1=O,175,156.69019,137.5933,116.57061,164.00304,178.36435,130.23807,170.8948,127.78473,172.29773,121.72221,147.615903,22.0849681774346
NC1=CC=C(OCCCCCN2C(=O)C3=CC=CC=C3C2=O)C=C1,113,103.1365,91.2048,106.636566,121.902435,102.808754,96.97924,90.53537,106.11755,97.748085,129.20801,104.627731,11.8278975257009
CCOC(=O)C1(CCN(CCC2=CC=C(N)C=C2)CC1)C1=CC=CC=C1,83,144.1213,155.3858,155.09082,147.40883,120.771935,114.55867,147.72757,106.37659,78.073685,157.97792,132.749312,25.2505637398249
C(N(CC1=CC=CC=C1)C1=CC=CC=C1)C1=NCCN1,120,129.88086,101.38991,68.37424,129.08698,130.85088,77.8317,103.86245,94.75264,112.8089,94.24714,104.30857,20.5869568825089
NC1=NC=NC2=C1N=CN2CC1=C(F)C=CC=C1Cl,245,204.4195,195.93729,177.73125,179.48515,196.36696,188.80968,160.8344,171.87894,173.54568,203.29573,185.230458,13.9472346510137
CC(C)NCC(O)COC1=CC=C(CC(N)=O)C=C1,146,125.043175,111.91055,114.88666,156.5068,128.41727,129.67603,137.75703,123.913284,108.41175,149.45833,128.5980879,14.8582535769458
CN1C2CCC1CC(C2)OC(=O)C(CO)C1=CC=CC=C1,114,133.5399,152.65276,119.832596,125.02532,137.05219,91.30198,137.96432,137.08714,119.31836,136.65434,129.0428906,15.6969651362205
OC(C1CCNCC1)(C1=CC=CC=C1)C1=CC=CC=C1,160,173.97913,122.607895,110.16693,110.41183,145.39684,118.43412,98.8007,140.48828,122.98199,150.11412,129.3381835,21.6091115930477
CN1CCC(CC1)N(CC1=CC=CC=C1)C1=CC=CC=C1,114,58.249256,80.132164,102.36268,94.773285,108.81923,64.41401,70.92231,108.57864,79.24021,71.62701,83.9118795,17.5548346348456
CCN(CC)CCOC(=O)C(O)(C1=CC=CC=C1)C1=CC=CC=C1,51,139.15009,108.749596,90.98749,106.96806,115.73438,91.33441,100.87948,103.280235,87.87287,65.88553,101.0842141,18.3640134716367
FC1=CC=C(C=C1)C(=O)CCCN1CCC(CC1)N1C(=O)NC2=C1C=CC=C2,170,164.53207,206.69376,184.49066,191.59908,196.72916,202.82292,193.06706,215.8565,186.70837,154.30272,189.68023,17.697427455301
CCC1=C(C(=O)C2=CC=C(O)C=C2)C2=C(O1)C=CC=C2,124.3,130.49023,149.8117,155.54285,161.05302,169.2007,134.90776,152.86656,124.741516,168.44244,175.76802,152.2824796,16.5173457466237
OC(=O)C1=CC=CC=C1,122.4,134.87392,153.68417,131.90692,127.0069,140.55795,137.14714,118.626595,129.1627,135.05179,149.70665,135.7724735,9.85167732197113
CN(C)CCCOC1=NN(CC2=CC=CC=C2)C2=C1C=CC=C2,160,86.62769,75.49452,87.279686,83.73925,80.2319,57.30553,95.83083,65.76396,57.63453,105.80158,79.5709476,15.0454947487507
CC(C)(OC1=CC=C(CCNC(=O)C2=CC=C(Cl)C=C2)C=C1)C(O)=O,186,187.87616,182.009,194.07582,192.39366,164.70717,177.75479,188.07965,176.48338,167.76562,178.95686,181.010211,9.35373403680204
CCCCOC1=CC=C(CC(=O)NO)C=C1,153,98.17753,117.24224,119.57602,120.03514,85.23579,104.5682,118.342415,75.532135,93.21421,108.21468,104.013836,14.8715624730914
CCCCN1CCCCC1C(=O)NC1=C(C)C=CC=C1C,107,138.87962,137.08087,121.0093,158.8339,119.04812,119.64005,155.47911,104.79496,132.56421,101.34993,128.868007,18.3508903782362
COC12CCC3(CC1C(C)(O)C(C)(C)C)C1CC4=CC=C(O)C5=C4C3(CCN1CC1CC1)C2O5,209,152.47264,172.4743,178.4152,224.52596,149.51137,242.53522,186.19235,167.83046,200.00421,156.60384,183.056555,29.4622488141521
OCCOC(=O)NCC1=CC=CC=C1,40,77.21868,80.56185,77.7889,75.139496,74.68767,65.944115,61.542377,57.660458,62.115444,74.64893,70.730792,7.69026488126599
CC(C)CC1(CC=C)C(=O)NC(=O)NC1=O,138,148.68744,130.65358,147.59334,142.95877,141.55554,143.82712,148.39357,122.35807,174.59218,115.20721,141.582682,15.537854119857
COC1=CC(=CC(OC)=C1OC)C(=O)NCCCCCC(O)=O,121,161.36305,157.20126,115.54528,138.63928,128.8324,118.04123,114.57487,111.4792,112.51769,159.30455,131.749881,19.6627125707866
NC(=O)N1C2=CC=CC=C2C=CC2=CC=CC=C12,190,190.08913,208.27637,214.75961,221.66115,203.47845,204.99527,239.66702,199.2115,219.16492,196.8381,209.814152,13.707799500064
CNC(=O)OC1=CC=CC2=C1C=CC=C2,142,112.32058,134.21654,139.24657,145.69621,136.3803,125.99503,145.97632,131.72139,132.39348,136.2206,134.016702,9.27497075254019
CCCCNC(=O)NS(=O)(=O)C1=CC=C(N)C=C1,144,137.98898,130.0362,135.88254,153.82455,143.21729,161.53172,147.17964,137.5783,113.78835,144.55113,140.55787,12.4395423733633
CCCC(C)(COC(N)=O)COC(=O)NC(C)C,92,67.72673,94.30434,92.470146,114.94783,76.215775,65.88741,58.159206,60.722477,97.817215,88.48292,81.6734049,17.7641257474512
NC(=O)CN1CC2=CC=CC=C2OC1=O,203,158.59537,132.8771,177.06128,174.50972,145.04759,166.63132,146.30211,160.5369,140.88184,178.97801,158.142124,15.4462462572893
CCN(CC)C(=O)NC1=CC=C(OCC(O)CNC(C)(C)C)C(=C1)C(C)=O,110,148.48119,179.68408,102.079216,168.99709,114.782936,177.40282,133.3074,120.77446,117.208565,133.36412,139.6081877,26.3378181796417
CN(C)CCC(O)(C1=CC=CC=C1)C1=CC=CC=C1Cl,120,82.671455,90.41699,102.11076,118.54543,123.04998,108.17832,86.28091,120.22789,99.516106,60.62574,99.1623581,18.6537351725254
NC1=NC=NC(NC2=CC=C(Cl)C=C2)=N1,233,194.95218,258.34235,244.72653,275.87845,252.05928,229.47246,258.53555,239.21945,238.43365,248.30823,243.992813,20.4642051805561
CCN(CC)CCCC(C)NC1=CC=NC2=C1C=CC(Cl)=C2,87,80.2299,119.05224,68.51795,89.29384,104.905464,61.771732,98.729836,112.27001,81.72208,80.34217,89.6835222,17.7579054180221
CN\C(NC#N)=N/CCSCC1=C(C)NC=N1,141,137.09622,227.63486,117.876045,140.58958,183.72916,131.03313,182.89381,126.637505,141.8581,118.900635,150.8249045,33.8615522096109
OC(=O)C1=CN(C2CC2)C2=C(C=C(F)C(=C2)N2CCNCC2)C1=O,266,254.20795,196.70978,251.94617,251.43849,254.84802,246.62486,240.5034,219.30072,268.72134,258.3753,244.267603,20.0573372157119
COC1=CC(N)=C(Cl)C=C1C(=O)NC1CCN(CC2=CC=CC=C2)CC1,194,163.38248,218.90994,174.08948,233.39943,177.17499,167.44669,170.09764,211.81332,166.28996,179.56662,186.217055,23.987297462393
COC1=CC=C2C(=C1)N(CC(O)=O)C(C)=C2C(=O)C1=CC=C(Cl)C=C1,242,180.57495,142.16304,172.34598,168.52287,133.93582,165.64903,164.82875,176.87444,173.80977,160.30345,163.90081,14.2285046945391
ClC1=CC=CC(Cl)=C1N=C1NCCN1,130,170.84435,130.86684,132.37206,144.2254,147.60927,176.79814,136.94952,137.01509,128.33902,126.48178,143.150147,16.6148538692202
CC(C)(C)NCC(O)COC1=CC(Cl)=CC=C1Cl,82,155.97679,203.83057,178.09592,133.29796,95.45069,181.69757,122.7643,134.91805,197.56421,200.32622,160.392228,35.5900285839772
ClC1=CC=CC=C1C(N1C=CN=C1)(C1=CC=CC=C1)C1=CC=CC=C1,147,196.5397,207.6387,173.34116,212.52989,159.3841,193.5369,229.41852,182.72359,139.2049,184.15474,187.84722,25.0271408563379
CC1=CC=CC=C1N1CCN(CCC2=NN=C3CCCCN23)CC1,158,99.075226,73.429565,115.42126,111.57191,101.68018,89.82317,128.64694,98.90671,67.46231,99.6037,98.5620971,17.4498813430717
CC(C)NC1=CC=CN=C1N1CCN(CC1)C(=O)C1=CC2=C(N1)C=CC(NS(C)(=O)=O)=C2,226,160.89029,152.96173,206.2618,225.97676,200.72089,211.8536,222.96965,222.37688,205.27507,178.50479,198.779146,24.6991763562663
CC1=CC=CC(CC2=CNC=N2)=C1C,114,105.97769,118.700294,104.48224,133.99306,119.36718,84.32903,126.501755,141.11665,104.66757,95.71662,113.4852089,16.7220400291426
CC(CN1CCOCC1)C(C(=O)N1CCCC1)(C1=CC=CC=C1)C1=CC=CC=C1,180,196.53922,177.0228,176.58871,127.23937,163.4596,149.77628,150.34593,124.641945,130.41757,182.0557,157.8087125,23.9724374175303
COC1=CC=C(CC2=CN=C(N)N=C2N)C=C1OC,233,171.9434,165.6701,153.14117,169.81416,198.52092,168.84785,183.3015,193.10338,183.25879,185.86469,177.346596,13.1148964661405
CN(C)CCN1C2=CC=CC=C2N(C)C2=CC=CC=C2C1=O,116,137.3836,166.07391,107.89317,129.42146,174.31622,131.62025,128.44221,146.76692,114.15663,115.62362,135.169799,20.7012668979637
O=C(CC1=CC=C(C=C1)C1=CC=CC=C1)NC1=CC=CC=N1,122,150.5711,136.0487,147.21681,138.76936,154.44614,134.17998,131.89119,157.54317,149.05461,149.3682,144.908926,8.51945153168935
OCCN1CCCCC1C(C1=CC=CC=C1)C1=CC=CC=C1,106,138.90448,79.90755,104.88856,158.15672,135.87053,121.7605,135.46739,94.22045,106.09344,148.86472,122.413434,24.033707746494
ClC1=CC=C(COC(CN2C=CN=C2)C2=CC=C(Cl)C=C2Cl)C=C1,86.8,105.6144,126.75934,115.77104,131.04517,127.47522,119.31663,130.78532,142.8127,99.421364,105.39689,120.4398074,13.1163986703876
OC(=O)CSCC(=O)NC1CCSC1=O,156,120.28348,136.44606,142.84412,133.64473,123.92435,126.60966,122.84756,130.21216,143.78519,97.55568,127.815299,12.6837078287191
CC[C@H]1OC(=O)[C@H](C)[C@@H](O[C@H]2C[C@@](C)(OC)[C@@H](O)[C@H](C)O2)[C@H](C)[C@@H](O[C@@H]2O[C@H](C)C[C@@H]([C@H]2O)N(C)C)[C@](C)(O)C[C@@H](C)C(=O)[C@H](C)[C@@H](O)[C@]1(C)O,135,89.156525,98.700676,115.3324,102.23378,107.320915,119.07006,99.66378,102.50837,144.2414,106.8589,108.5086806,14.3644663395789
CC12CCC3C(CCC4=CC(O)=CC=C34)C1CCC2(O)C#C,141,145.54836,158.94818,150.62752,161.38252,161.67319,194.86838,179.43779,155.5444,185.92596,177.84079,167.179709,15.4627341807531
CCNC1=NSC2=C1C=CC=C2,78,72.698044,100.37752,64.77837,76.87509,80.79395,54.312443,88.90599,50.96164,68.13997,57.391594,71.5234611,14.9208985385311
NC(N)=NC1=NC(CSCCC(N)=NS(N)(=O)=O)=CS1,163,135.28261,163.67076,173.20558,176.28436,173.64694,148.31197,167.66331,167.34865,160.27296,148.23102,161.391816,12.7231342222828
COCC(=O)NC1=CC(SC2=CC=CC=C2)=CC=C1N=C(NC(=O)OC)NC(=O)OC,129,228.34718,219.80469,248.2488,211.56831,213.58945,227.74113,269.89642,223.77745,205.42012,239.84464,228.823819,18.3617226317121
NC(=O)OCC(COC(N)=O)C1=CC=CC=C1,151,105.54957,108.53735,102.83594,98.81419,66.266754,86.56424,84.37133,90.504654,99.34865,124.022125,96.6814803,14.944437907446
CCOC(=O)C1=C(C)NC(C)=C(C1C1=CC=CC(Cl)=C1Cl)C(=O)OC,145,152.17383,162.88226,193.85611,222.2206,169.51636,204.38364,188.73497,161.49092,161.38312,179.84097,179.648278,21.2382070494135
C(CN1CCCCC1)C(C1=CC=CC=C1)C1=CC=CC=C1,41,86.59083,64.314964,79.87814,64.28581,88.85261,47.657814,65.64576,81.1043,62.979652,76.069046,71.7378926,12.2089305578501
CS(=O)(=O)C1=CC=C(C=C1)C(O)C(CF)NC(=O)C(Cl)Cl,153,113.67536,161.23889,151.62035,167.6924,162.0047,169.31956,123.372505,145.40529,138.18219,139.6721,147.2183345,17.8266128699597
COC1=CC=CC=C1N1CCN(CCCC(=O)C2=CC=C(F)C=C2)CC1,67.5,80.32844,80.562485,86.198,93.6137,77.09456,92.956856,102.666374,94.17345,80.35453,54.50538,84.2453775,12.5897348161023
CC1CCC2=CC(F)=CC3=C2N1C=C(C(O)=O)C3=O,253,250.6211,248.63126,214.83957,228.43404,203.86574,220.51033,196.15321,191.93709,249.8663,200.68129,220.553993,21.7579280393295
FC(F)(F)C1=CC=C(C=C1)C1CNC(=O)CO1,115.5,117.48256,135.58897,123.0587,134.35686,132.82117,101.93227,110.69443,86.35524,107.87362,110.374245,116.0538065,15.0272990267659
CCOC(=O)NC1=CC=C(NCC2=CC=C(F)C=C2)N=C1N,114,163.58247,166.80902,185.79617,156.48344,169.50334,208.08418,171.47748,181.66585,144.44713,167.08966,171.493874,16.4669745710572
FC1=CC=CC=C1C1=NCC(=O)N(CC2CC2)C2=CC=C(Cl)C=C12,118,149.68573,158.44196,141.77219,135.86295,153.85938,173.49214,156.76259,169.098,112.27647,126.882286,147.8133696,17.9606237888049
CC(=NNC(=O)C1=CC=NC=C1)C1=CC=CO1,199,169.39754,197.79552,198.76465,202.2899,190.23808,192.35246,202.78268,185.405,202.26236,194.68665,193.597484,9.72679368838694
CC1=CC=C(C)C(OCCCC(C)(C)C(O)=O)=C1,61,75.04158,76.32309,74.93139,97.856186,98.174706,66.48039,70.17669,83.67304,67.99505,53.606224,76.4258346,13.1100414559014
CC1=CC(=NO1)C(=O)NCCC1=CC=C(C=C1)S(=O)(=O)NC(=O)NN1CCCCCC1,189,146.02197,166.53712,173.18782,184.3036,141.24011,177.67906,185.07338,163.58755,154.48703,156.62325,164.874089,14.5360180510155
COC1=CC=C(Cl)C=C1C(=O)NCCC1=CC=C(C=C1)S(=O)(=O)NC(=O)NC1CCCCC1,169,166.84286,179.39224,172.0332,187.88728,174.94461,179.12634,202.05635,190.99957,155.50562,192.74385,180.153192,13.0195923327459
COCCOC1=CN=C(NS(=O)(=O)C2=CC=CC=C2)N=C1,152,155.12796,148.64337,171.25687,144.30475,171.91202,163.6714,177.72835,162.01611,142.17793,157.502,159.434076,11.4898467723466
COC1=C2C(=O)C3(OC2=C(Cl)C(OC)=C1)C(C)CC(=O)C=C3OC,219,211.55399,223.04398,216.34311,249.23048,183.98563,194.2895,236.08374,180.18217,220.66893,196.40553,211.178706,21.2828565829116
NC(=N)NCC1COC2=CC=CC=C2O1,164,137.80316,142.33142,147.13962,160.62306,129.89201,120.27478,131.52687,135.54417,142.12598,120.55984,136.782091,11.6118075683654
OC1(CCN(CCCC(=O)C2=CC=C(F)C=C2)CC1)C1=CC=C(Cl)C=C1,148,140.31049,141.32602,134.79718,121.09135,129.65256,131.34306,150.17891,137.28583,117.466675,128.26543,133.1717505,9.26634298117452
FC1=CC=CC=C1C12OCCN1CC(=O)NC1=CC=C(Br)C=C21,185,166.46089,202.42966,197.60596,247.05629,185.99176,213.1133,170.24313,226.46266,169.0973,180.0458,195.850675,25.4670612753558
NS(=O)(=O)C1=CC2=C(NCNS2(=O)=O)C=C1Cl,267,237.97328,238.367,240.73752,258.86435,248.5849,236.01393,235.7129,254.79912,281.19568,261.77188,249.402056,14.0615667690199
[H][C@@]12CC[C@](O)(C(=O)CO)[C@@]1(C)C[C@H](O)[C@@]1([H])[C@@]2([H])CCC2=CC(=O)CC[C@]12C,223,196.18607,219.63239,203.50832,212.5062,207.40381,231.84761,218.0619,204.36316,218.37787,191.8354,210.372273,11.4525653714563
NS(=O)(=O)C1=CC2=C(NCNS2(=O)=O)C=C1C(F)(F)F,272,227.96127,221.1706,227.93161,251.9976,240.41135,206.52019,239.4754,219.36404,257.66806,235.65294,232.815306,14.6666618565236
CC1CCC2=C3N1C=C(C(O)=O)C(=O)C3=CC(F)=C2C,269,244.35587,254.95105,228.01149,223.92995,209.94153,215.9424,227.09901,199.43706,250.83716,205.14789,225.965341,18.1684970081773
CC(C)CC1=CC=C(C=C1)C(C)C(O)=O,75,42.165314,38.47361,57.41196,69.87917,66.73931,51.976826,40.375633,71.98066,66.39771,66.6833,57.2083493,12.3768457710511
CC(C(O)C1=CC=C(O)C=C1)N1CCC(CC2=CC=CC=C2)CC1,114,197.47061,169.54883,220.32436,206.84834,223.52588,178.44313,190.39877,177.00053,220.62457,168.0785,195.226352,20.6142032291504
O=C(NC1CCN(CCC2=CNC3=C2C=CC=C3)CC1)C1=CC=CC=C1,208,148.98131,187.03018,170.28293,190.63342,173.95627,153.14357,178.86021,211.60448,168.393,203.79927,178.668464,19.1321933733225
CCCCC1=NC2(CCCC2)C(=O)N1CC1=CC=C(C=C1)C1=CC=CC=C1C1=NN=NN1,180,177.08765,162.61877,137.26007,193.84969,196.41855,149.63393,171.68364,156.66656,159.50993,146.59293,165.132172,18.6003627001759
NNC(=O)C1=CC=NC=C1,171.4,143.9165,188.12842,150.54202,145.00552,137.3591,162.7722,154.80515,156.45302,140.68484,152.34555,153.201232,13.7603463867737
CC(COC1=CC=CC=C1)NC(C)C(O)C1=CC=C(O)C=C1,102.5,143.92776,115.25415,101.21737,123.295685,113.10455,140.22581,125.421074,123.71662,141.44846,130.23894,125.7850419,12.9951786421747
CCC(=O)C1(CCN(C)CC1)C1=CC=CC(O)=C1,156,112.52874,129.43759,122.43246,127.512634,132.76965,102.766685,125.75179,77.374054,112.23444,108.42909,115.1237133,15.7281848616162
CC(C(O)=O)C1=CC=CC(=C1)C(=O)C1=CC=CC=C1,94,82.460144,108.2134,108.83262,102.1557,102.60128,104.05407,103.91377,119.365105,113.058365,79.34441,102.3998864,11.8780279612595
CCOC(=O)CSCCC1NC(CS1)C(O)=O,142,108.71446,76.7043,113.81273,91.16786,132.05136,115.541534,99.82424,110.74554,72.286964,112.50576,103.3354748,17.5639079168236
N#CC1=CC=C(C=C1)C(N1C=NC=N1)C1=CC=C(C=C1)C#N,181,238.38095,245.05086,223.51758,184.15517,235.35703,218.5432,186.36984,198.8151,215.95764,139.35654,208.550391,30.4781089559971
CC(OC1=C(Cl)C=CC=C1Cl)C1=NCCN1,126,142.75064,142.34412,104.96576,96.32008,128.73268,139.52324,158.98642,112.43259,120.98762,125.6736,127.271675,18.2828720346138
OC1N=C(C2=CC=CC=C2Cl)C2=CC(Cl)=CC=C2NC1=O,166,228.20215,233.13261,208.11557,219.34819,257.51736,239.03508,235.3711,243.29964,211.81743,245.60611,232.144524,14.7586193233732
ClC1=CC=C(C=C1)C1=NN2C=CC3=C(C=CC=C3)C2=N1,238,145.63736,184.53221,166.01392,193.63945,146.81024,146.4978,159.66045,137.19397,189.6204,211.00604,168.061184,23.8360260853328
CCC1=C(C)NC2=C1C=C(C=C2)N(C)C,100,108.689064,110.05315,81.29363,141.0854,116.45306,108.418144,117.98119,102.886795,118.080864,92.06845,109.7009747,15.2855067560763
CC(=O)OC1(C(C)=O)C(=C)CC2C3C=C(C)C4=CC(=O)CCC4(C)C3CCC12C,224,189.09232,206.70798,217.00502,219.01521,190.93777,200.76042,196.28294,196.78197,185.95215,174.44426,197.698004,13.1112317469071
CC1=CC(CCN2CCN(CC2)C2=CC=CC(Cl)=C2)=NN1,106,123.5263,75.544266,94.23055,86.78825,106.850266,67.30872,107.8921,130.29027,89.34434,75.35558,95.7130642,19.9798663197845
CC(C)NCC(O)C1=CC(O)=CC(O)=C1,100,166.69482,188.5997,152.01923,167.87973,187.95158,182.48619,204.92345,163.08826,201.21397,187.88976,180.274669,16.3368527261333
CCC1(CC(C)=C)C(=O)NC(=S)NC1=O,160,154.42863,149.87653,136.72206,161.22737,148.03333,159.19292,163.20662,128.25723,169.72006,146.08406,151.674881,11.9736755143794
CC1=C(CC2=NCCN2)C2=C(S1)C=CC=C2,156,146.37057,111.03993,110.899796,125.79759,170.9664,113.723206,133.81783,124.647675,119.21752,117.826485,127.4307002,17.8740156306726
CCN(CC)CCNC(=O)C1=CC(Cl)=C(N)C=C1OC,146.5,79.947685,134.84148,69.618,149.17839,102.55307,125.38298,140.2403,135.88472,134.04007,141.6524,121.3339095,26.1872193864458
CS(=O)(=O)C1=CC=C2SC3=CC=CC=C3N(CCCN3CCC(CC3)C(N)=O)C2=C1,170,162.02435,140.62859,152.12747,172.89394,148.39975,171.50072,159.49387,140.3607,111.50524,142.2881,150.122273,17.1759390150443
NC(=O)CS(=O)C(C1=CC=CC=C1)C1=CC=CC=C1,164,165.0168,135.07822,170.26248,220.26932,154.61911,162.01146,178.90117,166.11823,140.90865,154.26706,164.74525,22.3244977862612
CCC1=C(C)NC2=C1C(=O)C(CN1CCOCC1)CC2,180,126.42049,113.95404,122.77664,131.59303,128.6373,103.767525,132.76518,114.35983,130.78105,137.03333,124.2088415,9.90940883544171
CC1=CC=C(C=C1)C1(O)CCN(CCCC(=O)C2=CC=C(F)C=C2)CC1,118,132.84637,146.62914,140.57892,137.38776,131.5958,133.83932,138.01355,117.68101,123.21238,130.03186,133.181611,7.93240464295847
CC1C(OCCN1CC1=C(C)N(C)N(C1=O)C1=CC=CC=C1)C1=CC=CC=C1,149,140.70068,186.57677,156.13339,182.08434,158.6417,190.09329,183.57146,162.72427,168.2885,200.97179,172.978619,17.6490366713996
CCC1=CC2=C(C=C(OC)C(OC)=C2)C(CC2=CC=CC=C2)=N1,78,112.41189,133.70914,148.9501,128.31749,178.06654,117.21277,136.80292,158.62556,136.10254,123.52627,137.372522,18.8686347027705
COC1CC2(C)C(CCC2(O)C#C)C2CCC3=CC(O)=CC=C3C12,280,158.80688,184.63864,150.80034,167.79564,134.4389,167.04819,161.35188,161.5089,165.95132,145.22806,159.756875,13.0922891855834
CC(C)(C)NCC(O)COC1=CC=CC2=C1CC(O)C(O)C2,124,131.03592,155.6784,140.3777,158.6902,150.75414,194.5935,149.73494,136.98793,145.80399,126.18873,148.984545,18.1460562447526
COC1=CC=C2C=C(C=CC2=C1)C(C)C(O)=O,152,127.61252,153.90933,161.2516,147.23024,135.49051,162.01906,166.31284,140.31612,146.5838,148.77657,148.950259,11.6951666111035
CCC(CC)(CC=C)C(N)=O,75,36.04536,54.608383,63.265583,83.3256,59.154175,64.17925,75.16979,53.90806,74.20005,96.659645,66.0515896,16.193861169762
CNC(=S)NCO,88,129.42082,131.8138,99.983986,110.60533,116.60343,93.56713,94.5787,125.970535,110.6561,113.04632,112.6246151,13.0423945476605
COC1=CC=C2NC(=NC2=C1)S(=O)CC1=NC=C(C)C(OC)=C1C,156,165.68643,210.9825,193.79001,144.75356,133.70552,201.37642,153.99406,183.6061,164.56754,160.78276,171.32449,23.9614919842592
OC(=O)C1=CC(=O)NC(=O)N1,345,255.26927,242.20523,282.82803,281.0747,238.207,286.3808,236.19041,244.92772,246.14508,265.58997,257.881821,18.5676788735428
OC1N=C(C2=CC=CC=C2)C2=CC(Cl)=CC=C2NC1=O,205,194.00005,191.46336,202.03578,199.05154,200.08728,208.14653,208.76335,205.71701,184.57814,192.80894,198.665198,7.49332916976934
CCCOC1=CC=C2NC(NC(=O)OC)=NC2=C1,230,209.10156,240.07033,232.06311,210.18394,223.77092,240.95912,208.97281,187.1981,221.80457,180.38371,215.450817,19.4429734244513
CCCCCCN1C(=O)N(C)C2=C(N(C)C=N2)C1=O,82,87.61898,100.09381,95.88221,129.06822,85.36736,59.93358,98.64038,91.28482,89.48797,114.05349,95.143082,17.2758733217327
OCCN1CCN(CCCN2C3=CC=CC=C3SC3=CC=C(Cl)C=C23)CC1,94,91.249886,117.62,120.79447,128.52223,125.17243,120.854225,125.99329,120.181015,82.33768,96.1876,112.8912826,15.6495085433646
C=CCC1(C(=O)NC(=O)NC1=O)C1=CC=CC=C1,156,176.039,180.57672,156.89352,175.70314,192.76868,153.05109,181.05162,169.51765,149.93912,141.21901,167.675955,15.6763002529935
CCN(CC)CCSC(=O)N(C1=CC=CC=C1)C1=CC=CC=C1,48,66.24865,109.188194,86.56091,111.444305,115.30039,81.17719,130.88074,120.340965,85.4344,85.8549,99.2430644,19.7419449539219
CN1CCC2=C(C1)C(C1=CC=CC=C21)C1=CC=CC=C1,91,132.87866,111.34089,159.30577,124.40492,118.65543,158.70537,150.37917,119.36836,95.74288,95.177925,126.5959375,22.3559226652542
CCOC1=CC=C(NC(=O)CN)C=C1,100.5,134.39214,123.075935,142.44528,152.66164,142.83195,136.31306,127.64298,144.2755,111.61826,104.98295,132.0239695,14.395500107079
O=C1NN(C(=O)C1C1=CC=CC=C1)C1=CC=CC=C1,233,196.9985,165.4718,184.86926,177.6103,185.0987,166.91621,202.4167,212.91414,190.328,185.15309,186.77767,14.0936976130127
CC(C)NCC(O)COC1=CC=CC2=C1C=CN2,170,93.35063,98.282196,96.510284,107.080795,142.84625,114.103615,78.33146,83.007965,106.979454,105.241066,102.5733715,17.0657782244464
CCC1(CC)C(=O)CCNC1=O,102,124.216835,89.50966,115.88731,77.72187,112.92501,74.52184,91.345085,79.32019,86.938805,68.588875,92.097548,18.156940145067
BrCCC(=O)N1CCN(CC1)C(=O)CCBr,106,97.54488,65.36918,99.81104,88.71027,103.96024,83.411674,106.802216,104.06728,69.11361,95.835045,91.4625435,13.8885502820864
CS(=O)(=O)OCCC(=O)N1CCN(CC1)C(=O)CCOS(C)(=O)=O,175,218.43149,168.80116,207.74364,173.44772,175.80037,198.66948,188.64285,148.75508,161.82008,203.04164,184.515351,21.1889319002018
CCOC(=O)C=C1SC(N2CCCCC2)C(=O)N1CC,86,88.63021,88.05777,79.59419,97.75336,92.292244,75.04658,121.001884,89.96187,111.18604,76.68687,92.0211018,13.9615925638154
CN1C(C(=O)NC2=CC=CC=N2)=C(O)C2=CC=CC=C2S1(=O)=O,198,172.7461,185.92531,193.69814,212.25108,185.21443,202.78098,192.769,193.77583,205.02124,186.56087,193.074298,10.8361364515807
COC1=CC(=CC(OC)=C1OC)C(=O)OCC1=CC=CC(COC(=O)C2=CC(OC)=C(OC)C(OC)=C2)=N1,119,120.36373,92.93205,105.01982,91.893005,112.88403,126.44499,88.48199,147.60269,138.96889,112.73472,113.7325915,19.0117924995693
O=C(C1CCCCC1)N1CC2N(CCC3=CC=CC=C23)C(=O)C1,136,144.58028,76.189705,135.22943,99.11242,112.572754,99.717316,127.90289,141.36024,116.4342,154.18411,120.7283345,23.1365274415544
COC1=CC2=C(C=C1OC)C(N)=NC(=N2)N1CCN(CC1)C(=O)C1=CC=CO1,285,259.2094,221.95642,285.62115,281.9027,219.06519,297.90497,302.1439,274.27393,285.03693,286.4962,271.361079,27.7751053018765
OC(CCN1CCCCC1)(C1=CC=CC=C1)C1=CC=CC=C1,120,124.24738,120.8385,109.46984,114.00476,114.21492,130.33577,98.64611,119.77648,119.16979,107.135185,115.7838735,8.66221593939855
CC(CN1C2=CC=CC=C2SC2=CC=CC=C12)N(C)C,60,90.14915,91.10479,104.68305,87.11027,93.33179,129.51357,89.69703,86.26605,70.038445,89.067894,93.0962039,14.5434185435334
CC(C)C1(CC(Br)=C)C(=O)NC(=O)NC1=O,177,165.2749,149.50055,128.12694,168.30107,144.88766,140.5728,154.3452,158.04095,158.0133,179.51607,154.657944,14.0140095595181
CCC(=O)OC(CC1=CC=CC=C1)(C(C)CN(C)C)C1=CC=CC=C1,75,32.779564,56.61724,71.52049,86.86268,48.06566,66.144325,85.594666,54.981216,57.19524,47.00021,60.6761291,16.2464350009615
CC(C)NCC(O)COC1=CC=CC2=C1C=CC=C2,162,99.96538,84.50003,101.165016,96.09002,103.644035,110.18286,92.09582,81.751434,96.25939,128.00548,99.3659465,12.5045198252848
NC(=O)C1=CN=CC=N1,189,177.68167,179.79669,186.33728,181.27332,189.7534,203.16377,169.00087,173.91841,179.70251,173.72766,181.435558,9.25027881788306
CNC(NCCSCC1=CC=C(CN(C)C)O1)=CN(=O)=O,69,63.492584,73.21469,64.284424,74.10052,137.01065,69.22842,48.11493,72.64153,114.36982,55.798695,77.2256263,25.9371943800846
OC(=O)C1=CC=CC=C1O,157,147.03137,128.46869,142.05948,141.61256,138.02658,114.0812,132.11026,147.6472,146.315,141.61823,137.897057,9.91934235613133
CC1=C(C)C(=O)C(C(CCCCCC(O)=O)C2=CC=CC=C2)=C(C)C1=O,128,178.00113,154.46643,129.15027,162.7607,160.4198,184.06082,142.58089,189.8431,156.43594,155.68135,161.340043,17.6082929177896
ClC1=CC=C(C(CN2C=CN=C2)OCC2=CSC3=C2C=CC=C3Cl)C(Cl)=C1,146,189.43411,170.47046,179.54144,140.54982,204.90633,143.68745,162.701,165.13554,124.53304,163.77943,164.473862,22.6374835348118
FC1=CC=C(C=C1)C(=O)CCCN1CCC2(CC1)N(CNC2=O)C1=CC=CC=C1,190,189.7366,176.59247,185.5711,180.50252,187.96957,114.90776,167.28798,193.53835,157.05293,133.70483,168.686411,24.8453944938117
NC1=CC=C(C=C1)S(=O)(=O)C1=CC=C(NC(=O)CCC(O)=O)C=C1,157,170.77838,147.60919,196.72632,199.5098,189.3352,180.8029,200.39235,192.9193,198.73087,181.05318,185.785749,15.7554991900755
CC1=CC=NC(NS(=O)(=O)C2=CC=C(N)C=C2)=N1,234,199.55629,247.56369,222.96616,192.8112,225.87848,208.29195,210.27235,219.46732,223.41779,210.04085,216.026608,14.6467219449731
CCN1CCCC1CNC(=O)C1=CC(=CC=C1OC)S(N)(=O)=O,178,174.32092,168.8218,168.99982,161.5757,179.46652,145.39029,144.255,181.3224,184.69339,157.1786,166.602444,13.5762013438371
CCC(=C(C1=CC=CC=C1)C1=CC=C(OCCN(C)C)C=C1)C1=CC=CC=C1,96,110.0516,85.742836,95.69378,124.789185,94.67664,101.83824,118.53871,97.219955,108.58633,108.972404,104.610968,11.2343097501659
O=S1(=O)CCN(CN2CCS(=O)(=O)NC2)CN1,154,178.04793,189.3718,207.40921,188.40135,177.607,171.25653,163.40681,150.95338,132.05272,182.72392,174.123065,20.1883165252466
CN1C2=C(NC=N2)C(=O)N(C)C1=O,270,259.62476,251.53116,261.61588,253.32819,265.0061,248.6559,267.6206,241.48053,245.11523,263.51056,255.748891,8.52608503641789
C=CCC1(C2CCCC=C2)C(=O)NC(=S)NC1=O,148,129.34206,147.20886,129.72337,153.43904,140.94873,141.52257,137.55281,150.94267,170.82056,123.72213,142.52228,13.1604800365754
CN(C)C1=NC(=O)C(O1)C1=CC=CC=C1,133,132.98944,148.26477,144.40463,137.15639,116.96354,129.15648,120.37034,145.91623,128.59935,153.23352,135.705469,11.5507485008518
COC1=CC=C2C(=CC=CC2=C1C(F)(F)F)C(=S)N(C)CC(O)=O,164,168.96783,182.05957,179.4488,177.1975,157.08984,169.32321,187.41881,194.54149,156.13255,167.07785,173.925745,11.8623048874342
CN(C)CCOC1=CC=C(C=C1)C(=C(CCCl)C1=CC=CC=C1)C1=CC=CC=C1,108,109.40822,94.01976,106.54159,114.380554,108.32693,114.76678,111.77712,113.697784,100.28054,123.61024,109.6809518,7.7968574561123
CCN(CC1=CC=NC=C1)C(=O)C(CO)C1=CC=CC=C1,96,136.01274,121.97861,97.261375,108.240326,115.688286,122.492424,97.0545,117.29227,111.86509,91.61051,111.9496131,13.0320419624261
NCCC1=CC=C(O)C=C1,164,83.8115,100.13147,96.50789,79.74536,70.55507,80.72259,99.79573,114.69542,73.91703,93.012184,89.2894244,13.119208147798
COC1=CC=CC=C1N1CCN(CCCNC2=CC(=O)N(C)C(=O)N2C)CC1,156,109.26147,141.77069,159.87811,177.05122,109.77558,151.69164,170.24036,123.85016,160.2274,86.01406,138.976069,28.7307788390686
CCCCC(=O)N(CC1=CC=C(C=C1)C1=CC=CC=C1C1=NN=NN1)C(C(C)C)C(O)=O,116,102.551796,103.44215,105.16907,112.53606,116.931114,113.68209,201.8212,111.06688,91.62025,107.35252,116.617313,29.2045472518807
NC1=C2C(O)CCCC2=NC2=C1C=CC=C2,245,175.87477,157.40988,213.71262,204.48997,155.82404,176.27486,193.47903,185.65504,186.78232,189.13966,183.864219,17.4810160568964
CCCC(C)C1(C=C)C(=O)NC(=O)NC1=O,90,113.57841,119.58745,112.88189,129.15651,125.329994,91.36159,140.92065,125.92296,141.20522,102.46466,120.2409334,15.0126866718342
CC(=O)CC(C1=CC=CC=C1)C1=C(O)C2=CC=CC=C2OC1=O,161,157.79807,144.06778,157.40616,168.21362,144.73781,142.92842,156.53854,163.31142,170.41164,162.55354,156.7967,9.44726251072235
CC1=CC=CC(OCC(O)CNC(C)(C)C)=C1C,57,151.87212,184.0122,193.71947,132.18779,151.90582,182.37866,137.03232,134.63287,201.56671,166.61046,163.591842,24.3576926630844
COC1=CC(=CC=C1CC1=CN(C)C2=C1C=C(NC(=O)OC1CCCC1)C=C2)C(=O)NS(=O)(=O)C1=CC=CC=C1C,138,199.43854,226.85602,259.50528,241.63324,236.41454,246.08464,224.8254,214.61034,207.3439,243.40836,230.012026,17.9062639727489
COC(CN1CCN(CC(O)C(OC)C2=CC=CC=C2)CC1)C1=CC=CC=C1,83,157.76971,166.1376,169.91397,154.97627,149.2815,140.59465,210.97603,187.73882,113.319145,155.61827,160.6325965,24.9397686636214
CN1C(CC(O)=O)=CC(C)=C1C(=O)C1=CC=C(Cl)C=C1,178,158.14151,166.0267,159.79868,162.94019,125.08731,156.3794,153.1635,136.24153,148.05365,130.90334,149.673581,13.4708917640151
OC(=O)CC1=NN(CC2=NC3=C(S2)C=CC(=C3)C(F)(F)F)C(=O)C2=C1C=CC=C2,197,187.39943,207.88002,226.61516,239.4988,181.9296,247.67986,222.50247,207.03015,218.93172,212.50366,215.197087,19.6222338085963
NC1=NC2=C(O1)C=CC(Cl)=C2,184,195.53094,186.85565,168.935,205.09358,189.9566,195.23506,181.83327,187.81485,174.42752,178.17876,186.386123,10.3080041296956
CN1C2=C(N(CC(O)=O)C=N2)C(=O)N(C)C1=O,271,172.41887,194.49396,209.73418,186.36223,208.36374,191.00935,204.31355,188.4474,200.15929,190.05736,194.535993,10.8395534616958
CC(=O)C1=CC=C(C=C1)S(=O)(=O)NC(=O)NC1CCCCC1,188,172.99716,176.64932,170.71835,178.46706,193.74106,179.75578,186.07823,172.99167,167.15729,184.31815,178.287407,7.60233892087172
CCC1(CCC(C)C)C(=O)NC(=O)NC1=O,156,154.31232,144.07553,143.09639,149.23477,167.13379,158.36072,164.46057,151.19618,152.42084,154.20332,153.849443,7.42492045596187
NC1=CC=CC(=C1)N1C=CC=CC1=O,182.5,116.984436,145.16315,124.27355,142.56238,140.09473,130.2177,157.27936,106.53798,132.26454,122.15646,131.7534286,14.2211694989217
CC(CC1=CC=CC=C1)NC(C#N)C1=CC=CC=C1,85,70.268875,86.581894,101.46209,89.68355,69.131035,57.95732,109.28536,128.64177,89.58268,64.093094,86.6687668,21.024294801793
CCCC1C(=O)N2N(C1=O)C1=CC(C)=CC=C1N=C2N(C)C,228,116.52979,140.54668,119.001,155.58809,136.30869,118.97882,176.15631,146.27733,157.54483,147.42616,141.43577,18.3838247579594
COC1=CC=C(CCN2CCC(CC2)NC2=NC3=C(C=CC=C3)N2CC2=CC=C(F)C=C2)C=C1,149.1,178.99005,191.98422,160.53807,203.44948,196.96484,145.65158,223.184,209.47127,144.12677,173.94617,182.830645,25.5298486107588
CCCCNCC(O)C1=CC=C(O)C=C1,123.5,116.01019,108.61731,111.26368,119.01049,96.80286,82.9679,114.12359,90.547424,95.07612,98.210655,103.2630219,11.5280865079718
O=C1CCC(C2CCN(CC3=CC=CC=C3)CC2)(C(=O)N1)C1=CC=CC=C1,156,164.43515,177.56491,159.22955,186.07729,198.32654,161.98952,191.10518,172.61823,156.08575,176.10823,174.354035,13.5013417634236
CCOC1=CC=C(NC(=O)CC(C)O)C=C1,160,124.56182,112.96521,110.48739,87.67074,98.32456,132.35326,92.19976,118.24619,98.59186,104.44601,107.98468,13.6414153032843
NC(CN(CC1=CC=CC=C1)C1=CC=CC=C1)=NO,107,106.84683,173.19157,103.5393,107.16171,139.46721,99.30131,92.00559,95.821106,149.0856,87.684746,115.4104972,27.0063912488727
COC1=CC=C(C(C)=CC(O)=O)C(OC)=C1,149,138.03177,144.49812,140.76355,148.08751,130.45468,152.04362,144.81868,149.24779,143.54448,140.6266,143.21168,5.87203656927986
CN1C2=C(N(CC3OCCO3)C=N2)C(=O)N(C)C1=O,144,150.92838,159.30316,139.27576,166.31917,166.48686,167.04666,178.29478,127.89613,127.111534,149.37094,153.2033374,16.5589251156329
O=CC1=C2CCOC(=O)C2=CC=C1,140,98.37035,88.44206,84.44128,108.428085,95.10411,100.683876,94.08256,152.51744,119.69024,78.74546,102.0505461,20.1601011290652
CCN(CC)C(C)CN1C2=CC=CC=C2SC2=CC=CC=C12,53,51.683304,59.215103,51.75885,64.08261,54.020546,86.47225,66.316185,49.91341,57.57823,67.384865,60.8425353,10.4203535355487
N#CC1=CC=C(C=C1)C1CCCC2=CN=CN12,117,112.2129,100.60672,106.69474,120.76194,104.801346,165.96587,130.81442,121.513306,108.26812,107.440674,117.9080036,18.2457117799959
CCC(=O)N(C1CCN(CCC2=CC=CC=C2)CC1)C1=CC=CC=C1,83,103.62437,177.47409,152.78596,133.7686,141.5821,111.27918,168.54297,129.94682,147.15245,147.6577,141.381424,21.8258463577865
CC(C)(C(O)=O)C1=CC=C(C=C1)C(O)CCCN1CCC(CC1)C(O)(C1=CC=CC=C1)C1=CC=CC=C1,142,221.77649,173.0816,198.2911,229.09438,200.17906,206.14853,227.05026,161.48114,139.00395,187.53694,194.364345,28.0351825299249
CC(C(O)=O)C1=CC=C(C(F)=C1)C1=CC=CC=C1,110,107.56246,121.43056,125.65417,94.53381,111.61904,107.956,106.98056,102.75877,105.99641,107.24351,109.173529,8.4024011918504
OC(=O)C1=CC=CC=C1OP(O)(O)=O,168,187.577,195.673,188.35922,177.38257,158.46068,198.89632,185.62453,168.55548,243.32057,179.93602,188.378539,21.6122800023262
CC1=CC=C(C=C1)S(=O)(=O)NC(=O)NC1C(O)C2(C)CCC1C2(C)C,192,130.34637,162.04706,135.70285,194.34767,162.84657,155.8083,146.61375,156.31189,171.7709,147.61731,156.341267,17.4072718719925
FC(F)(F)CN1C2=CC=C(Cl)C=C2C(=NCC1=O)C1=CC=CC=C1,164,141.57716,121.471344,115.25353,112.63277,166.18486,138.43533,136.32123,130.89598,133.0303,121.83253,131.7635034,14.8050603455046
CCC1(C(=O)NC(=O)NC1=O)C1=CCCCCC1,174,173.43701,162.72595,163.49892,173.57747,178.05247,175.5884,171.48965,168.3706,163.37802,167.63339,169.775188,5.19306961933267
CCN(CC)CCNC1=CC=C(CO)C2=C1C(=O)C1=C(S2)C=CC=C1,100.6,93.56747,72.76759,114.37013,92.49817,126.61841,125.80166,121.01088,93.62738,108.83399,101.25317,105.034885,16.5172685533476
CC1=CC(=O)OC2=C1C=CC(O)=C2,194,206.39584,212.38635,227.02121,210.80557,209.70071,223.09378,215.82993,245.07133,225.29399,214.51218,219.011089,10.8942495762521
CC(C)OC1=CC=C2C(=O)C(=COC2=C1)C1=CC=CC=C1,115,112.373,112.769905,101.29941,126.73178,97.72616,105.85507,124.76156,79.014366,118.4201,106.61527,108.5566621,13.3278626581261
O=C1N(CCCCN2CCN(CC2)C2=NC=CC=N2)S(=O)(=O)C2=CC=CC=C12,137,101.916374,134.86809,112.866684,182.05077,103.86411,165.77504,126.732124,109.87897,127.352486,139.66365,130.4968298,25.083105235221
OC(=O)CCCCC=C(C1=CC=CC=C1)C1=CC=CN=C1,114,131.62968,105.097244,103.22801,101.464035,107.53785,123.14361,130.87857,120.1723,97.03895,120.91746,114.1107709,12.0291522367954
[O-][N+](=O)O[C@@H]1CO[C@@H]2[C@H](CO[C@H]12)O[N+]([O-])=O,61,69.01539,85.58993,78.95832,90.97313,48.47062,99.496086,67.85151,63.413654,50.9785,60.39059,71.513773,16.0527612725497
CC(=O)N1CCN(CC1)C1=CC=C(OCC2COC(CN3C=CN=C3)(O2)C2=CC=C(Cl)C=C2Cl)C=C1,146,160.59209,124.101326,137.53186,118.26966,163.56598,144.91895,140.71739,126.317825,139.14166,139.17703,139.4333771,13.8584734107897
CC1=CC=CC(C)=C1NC(=O)CN1CCN(CCCC(C2=CC=C(F)C=C2)C2=CC=C(F)C=C2)CC1,159,201.9956,197.34785,145.9743,224.05933,188.57089,179.97595,201.2652,184.77945,163.10086,177.94069,186.501012,20.7350665946188
CCCCC(C)CC(O)C=CC1C(O)CC(=O)C1CCCCC=CC(O)=O,97,68.931786,82.247665,114.9267,120.209335,87.552765,75.163605,105.43265,116.79671,109.3342,68.13098,94.8726396,19.5828744580759
OC(=O)C1=NN(CC2=CC=C(Cl)C=C2Cl)C2=C1C=CC=C2,207,209.37473,211.95084,204.38704,202.50699,194.6874,201.83795,213.5405,182.42992,184.5423,216.76265,202.202032,11.1862923417071
NCC1=CC=C(C=C1)S(N)(=O)=O,151,108.15087,141.13573,124.03596,123.055786,135.25134,142.09393,140.61058,130.74638,127.83996,147.8367,132.0757236,11.188786378898
CNCCCC12CCC(C3=CC=CC=C13)C1=CC=CC=C21,92,126.51447,166.55536,119.90834,139.56575,84.4703,94.86648,109.407845,115.09578,138.34164,124.409256,121.9135221,22.23107509288
CCC(C)C(C)(COC(N)=O)COC(N)=O,77,25.977623,85.00469,89.1628,84.32883,42.985462,58.4228,22.458559,99.458435,97.776344,88.43343,69.4008973,27.9913752556998
CC1=NC2=C(C=CC=C2)C(=O)N1C1=CC=CC=C1Cl,126,189.93956,102.17512,111.231,141.00557,112.35352,138.58005,131.2253,139.73859,136.11896,177.43996,137.980763,26.4060512711867
CCC1(NC(=O)N(C)C1=O)C1=CC=CC=C1,136,125.865654,117.55452,118.72213,134.78253,143.9403,94.225,132.317,120.803665,136.58206,115.66006,124.0452919,13.343692507036
CCC1(C(=O)NC(=O)N(C)C1=O)C1=CC=CC=C1,176,152.01205,137.56062,135.41245,100.75651,175.20026,129.56488,134.08543,106.048615,133.8901,123.60738,132.8138295,20.0913020023052
CCCC(C)(COC(N)=O)COC(N)=O,104,46.649353,104.872734,117.308235,106.557106,92.43168,80.60057,46.41819,74.17284,89.65979,110.15252,86.8823018,23.8191711923075
CN1CCC(CN2C3=CC=CC=C3SC3=CC=CC=C23)C1,87,87.41095,90.610565,121.173775,110.5837,96.92241,120.5447,73.47672,108.11078,88.34551,103.16999,100.03491,14.675415844556
[H]N1C(=O)N(C([H])([H])[H])C(C1=O)(C1=C([H])C([H])=C([H])C([H])=C1[H])C([H])([H])C([H])([H])[H],210,143.0009,149.21277,150.85895,133.41908,160.24814,131.39836,138.29059,112.87474,135.02908,140.10796,139.444057,12.2450561722362
CC1NC2=CC(Cl)=C(C=C2C(=O)N1C1=CC=CC=C1C)S(N)(=O)=O,252,238.39902,208.68292,262.74457,240.30789,247.11792,214.54703,227.54236,238.34322,240.34914,233.73439,235.176846,14.710338884756
COC1=CC=C2N3CCN(C)C4=NCCC(C2=C1)=C34,164,145.78848,158.95337,127.82527,117.46695,146.9202,158.77983,155.06262,138.28758,133.70547,121.13318,140.392295,14.3983480493265
CCOC(=O)NC1=CC=C2SC3=CC=CC=C3N(C(=O)CCN3CCOCC3)C2=C1,156,110.64423,142.20496,154.07922,125.98085,144.6916,159.29803,149.29654,167.55272,191.0036,122.083626,146.6835376,22.3093122103709
O=C(NCN1CCOCC1)C1=CN=CC=N1,118.5,182.33516,144.73529,114.13563,138.58632,158.19199,161.58412,145.77367,113.18489,144.94055,114.24692,141.771454,21.658971968245
COC1=CC=C2C=C(CCC(C)=O)C=CC2=C1,80,79.6448,69.99698,103.355835,90.23468,80.82143,83.28768,78.246956,84.72476,98.2957,82.71867,85.1327491,9.30582107384541
CN1CC(C2=CC=CC=C2)C2=CC=CC(N)=C2C1,179,125.65131,98.994026,126.63081,138.015,131.58098,126.06941,103.77987,118.9601,134.93845,123.12179,122.7741746,11.9698344745866
CN1C2=C(C3=C1C=CC=C3)C(=O)C(CN1C=CN=C1C)CC2,231,183.33536,177.10284,132.69177,146.70897,136.821,144.26228,179.19577,164.71828,115.14945,145.83057,152.581629,21.4409444505826
OC(=O)CCC1=NC(=C(O1)C1=CC=CC=C1)C1=CC=CC=C1,160.5,148.4168,122.27516,151.67221,128.23212,139.56207,126.533264,133.73903,141.46062,146.1713,174.06456,141.2127134,14.3749307209677
CC1CN2CC(=O)NC3=CC=C(Cl)C=C3C2(O1)C1=CC=CC=C1,186,173.23834,141.53775,198.99016,196.95354,171.36337,214.74968,194.01006,143.13837,170.0583,167.73305,177.177262,22.7594893719546
CC1COC2=C(C(F)=CC3=C2N1C=C(C(O)=O)C3=O)C1(N)CC1,269,232.67587,207.37164,198.20082,167.66835,209.60141,253.05418,189.81334,194.56133,214.29614,211.6659,207.890898,22.2007130267745
CC(C)(C)NCC(O)COC1=CC=CC=C1C1CCCC1,68,114.67818,154.40811,159.76637,118.30822,107.12862,169.57454,114.71278,117.85788,150.68285,142.04527,134.916282,21.5749703212513
OC1CCN(CCCN2C3=C(SC4=C2C=C(C=C4)C#N)C=CC=C3)CC1,116,109.75925,112.33543,121.77435,131.6266,136.46078,148.37436,125.89883,124.6494,91.34664,94.50425,119.672989,17.0422955733308
CCC(=O)C(CC(C)N1CCOCC1)(C1=CC=CC=C1)C1=CC=CC=C1,75,141.7615,151.5939,146.86464,85.72687,158.83636,130.27913,119.21833,108.27755,97.20458,133.28288,127.304574,22.9837812299031
NC1=CC=C(N=NC2=CC=CC=C2)C(N)=N1,139,127.46386,147.22954,139.1737,139.7567,151.47794,156.40291,151.87169,134.71498,138.54335,120.17724,140.681191,10.8178254548439
O=C1NC(=O)C(N1)(C1=CC=CC=C1)C1=CC=CC=C1,295,280.95773,299.32697,283.2349,295.17343,287.78314,270.5833,295.98203,249.28134,272.8052,213.7556,274.888364,24.7835769952802
CC(C)(OC1=CC=C(Cl)C=C1)C(=O)NC(=O)NCN1CCOCC1,100,155.3382,152.81607,134.59753,141.67488,219.94638,152.252,197.56735,159.49753,145.14558,157.6895,161.652502,25.1361881577425
CCC1(C(=O)NCNC1=O)C1=CC=CC=C1,281,267.38406,277.89124,255.8237,80.395096,257.28937,94.537506,231.9211,103.93087,256.87805,249.62813,207.5679122,76.0310792910732
CCCN(CCC)S(=O)(=O)C1=CC=C(C=C1)C(O)=O,198,153.1204,170.62012,175.71753,158.8988,178.8942,153.90164,195.37866,185.41595,187.10294,172.76704,173.181728,13.6387582212911
CCCN(CCC)C(=O)C(CCC(O)=O)NC(=O)C1=CC=CC=C1,142,107.01125,137.4323,139.34567,107.41174,145.67624,101.724754,134.70506,140.31349,103.5241,142.842,125.9986604,17.495186505938
CC(CN1C2=CC=CC=C2NC2=NC=CC=C2C1=O)N(C)C,122,205.9614,184.64484,156.85669,188.04878,147.82158,191.62047,174.64333,163.55956,217.2877,195.06035,182.55047,20.7787637857342
OC(C1=CC(C=C1)=C(C1=CC=CC=N1)C1=CC=CC=N1)(C1=CC=CC=N1)C1=CC=CC=N1,146.5,121.60606,178.02296,146.53821,110.83545,194.043,126.29627,178.9663,152.92612,139.25781,176.72336,152.521554,26.9305769180418
CC(=O)NC(=O)C1=CC=CC=C1O,148,154.64117,132.74905,103.9089,155.63873,137.52875,103.27708,142.46986,119.2428,129.15298,145.07512,132.368444,17.7953005490951
CCCC1=CC=C(OCC(=O)N2CCN(CC2)C(=O)COC2=CC=C(CCC)C=C2OC)C(OC)=C1,128,49.885643,89.17592,100.861435,124.16501,117.34401,100.43793,134.17488,136.95534,98.135735,101.33425,105.2470153,24.0371989185357
CC(C)(C)NC(=O)C1CCC2CC34CCC(CC=C3C=C(O)C=O)C4CCC12C,257,159.773,182.11253,210.85379,169.05125,184.81326,219.52904,170.71007,159.59976,169.49474,162.44067,178.837811,19.9469160211259
NS(=O)(=O)C1=CC=C(C=C1)N1CCCCS1(=O)=O,180,150.58002,141.52188,110.15977,142.47942,139.19997,146.34016,133.9506,142.75276,103.99852,161.5981,137.25812,16.6830927084417
CNS(=O)(=O)CC1=CC=C2NC=C(CCN(C)C)C2=C1,169,174.29633,154.83778,159.18289,203.46347,196.49979,181.93483,198.91331,210.6157,162.75665,233.87709,187.637784,24.160490848891
CC(C)(C)NCC(O)C1=CC(O)=CC(O)=C1,119,217.60423,176.48767,157.9993,159.11766,177.95586,187.5625,197.91585,191.82625,207.39072,203.87526,187.77353,18.9333757706834
CC12CCC3C(CCC4=CC(=O)CCC34C)C1CCC2O,153,139.17934,140.7009,131.0632,132.19197,150.38794,163.29494,147.224,144.33162,157.83511,137.80623,144.401525,9.96332603856187
CN1CCC(CC1)N(CC1=CC=CS1)C1=CC=CC=C1,95,88.57863,82.027954,109.807655,147.49246,129.53604,68.15365,80.50965,100.60681,71.8651,86.4231,96.5001049,24.3421193957435
CCCCS(=O)(=O)NC(CC1=CC=C(OCCCCC2CCNCC2)C=C1)C(O)=O,223,189.72836,195.6841,151.91324,180.20781,164.66197,140.34573,182.66801,137.88474,155.29636,192.56508,169.09554,20.7295671321781
CC1=CC=C(C=C1)S(=O)(=O)NC(=O)NN1CCCCCC1,170,156.21451,158.74663,141.89017,174.06389,169.36334,167.93468,171.16632,169.04175,162.4252,181.47092,165.231741,10.4494110135284
CN(C(=S)OC1=CC=C2CCCC2=C1)C1=CC=CC(C)=C1,94,103.384,70.59601,87.884926,74.7903,84.84226,65.96967,96.86609,72.31586,75.19384,93.41352,82.5256476,11.9482253578593
CC(C)NC(=O)NS(=O)(=O)C1=CN=CC=C1NC1=CC=CC(C)=C1,163,170.66388,196.86864,193.95184,192.08206,142.21536,191.17235,215.15428,150.5992,191.92728,199.55289,184.418778,21.6665515441691
CC(CN(C)C)CN1C2=CC=CC=C2CCC2=CC=CC=C12,45,38.6856,63.797596,86.61161,79.43254,65.14361,68.04792,54.69095,126.65011,82.72613,97.62571,76.3411776,23.1905279795213
CC(C)(C)NCC(O)C1=CC=CC=C1Cl,89,142.4088,126.4344,99.134285,123.636734,130.20724,154.46797,99.779305,126.485825,168.06073,149.99635,132.0611639,21.1901601910625
CC(C)CC(NC(=O)C(O)C(N)CC1=CC=CC=C1)C(O)=O,233,172.72137,200.50029,147.11957,149.21428,227.12003,177.21233,172.31819,179.5413,189.19684,178.04063,179.298483,22.0746738486208
OC(=O)CN1CSC(=S)N(CC2=CC=CC=C2)C1,152,141.43755,141.91309,131.13646,147.8085,140.22763,146.61084,130.46867,109.37846,121.63977,139.45375,135.007472,11.4266554065604
CC(CCC(O)=O)C1CCC2C3C(O)CC4CC(O)CCC4(C)C3CCC12C,203,177.33995,161.89114,197.4951,180.01776,227.56076,209.15797,171.65224,199.41719,202.33897,194.9357,192.180678,18.542994732502
CCC(C)C(CC)C(N)=O,113.5,58.11464,55.42897,115.638985,57.44981,77.29013,75.776596,41.06642,106.476036,59.035534,67.39119,71.3668311,22.263226093342
CC(CC(C(N)=O)(C1=CC=CC=C1)C1=CC=CC=N1)N(C)C,156,114.57786,111.986725,121.360855,92.66846,119.58596,113.9459,112.84207,105.97837,116.78858,115.080864,112.4815644,7.7225979299111
COC1=CC=C(C=NNC(=O)C2=CC=NC=C2)C=C1OC,189,174.31192,243.46584,202.82336,209.42628,215.03175,236.6564,198.44785,212.42021,227.01901,170.9964,209.059902,22.6334183106599
NC(CCC(O)=O)C=C,209,48.353817,56.399506,49.2829,32.681396,108.996086,65.71291,83.26511,100.38673,33.685936,67.16613,64.5930521,24.7955413073897
CCN1CCC2=C3C1CC=C(N3C1=C2C=CC=C1)C(=O)OC,120,146.14703,160.16376,143.01756,158.42201,121.94837,158.35834,171.7559,129.96132,153.62585,126.497856,146.9897996,15.6343860974927
CC(C(O)=O)C1=CC=C(C=C1)C1CCCC(C1)=NO,178,156.96045,170.51077,179.90039,167.26047,174.095,176.05818,161.69502,172.11905,176.33078,177.261,171.219111,6.93315016921521
CC1=CC(=CC(C)=C1CC1=NCCN1)C(C)(C)C,131,130.19254,143.72733,122.76933,154.55641,165.84744,108.80601,139.66516,156.01134,133.27405,108.61436,136.346397,18.4751272450514
COC(=O)C1C(O)CCC2CN3CCC4=C(NC5=C4C=CC=C5)C3CC12,234,207.41096,203.41779,188.2847,243.85985,192.49512,224.02132,205.65326,217.43748,205.03105,189.90578,207.751731,16.1963632183286
CC1=CN(C2CC(N=[N+]=[N-])C(CO)O2)C(=O)NC1=O,106,162.88962,167.58717,140.46362,115.593895,144.38358,66.84477,153.54765,117.53363,153.4049,130.09497,135.2343805,28.267878023864
CC(N(O)C(N)=O)C1=CC2=C(S1)C=CC=C2,157,230.6944,166.17276,181.8074,134.72975,126.44478,167.96913,170.70703,125.10033,156.98569,172.48006,163.309133,29.5421241910564
CS(=O)(=O)C1=CC=C(C=C1)C1=CN2C=CC=CC2=N1,242,131.30925,166.92003,205.28091,225.01935,230.27118,172.88521,177.6744,157.90834,154.40324,190.67142,181.234333,30.0546838539872
CN(C)CCOC1=CC2=CC=CC=C2SC2=CC=C(Cl)C=C12,90,145.97592,134.49265,148.1583,126.45076,206.18555,135.54869,149.8306,143.99686,132.91208,106.76639,143.03178,24.27330551645
