SMILES,Mp exp,GNN1,GNN2,GNN3,GNN4,GNN5,GNN6,GNN7,GNN8,GNN9,GNN10,consensus GNN,SD
COCC1=C(N=CC2=C1C1=C(N2)C=CC(OCC2=CC=CC=C2)=C1)C(=O)OC(C)C,150,152.2418,134.09966,142.79604,146.61299,161.15385,138.55829,148.96364,166.04033,133.47638,147.28917,147.123215,10.1613108392247
CCCC(=O)NC1=CC=C(OCC(O)CNC(C)C)C(=C1)C(C)=O,119,112.60163,105.59324,122.974014,114.08723,107.37095,106.729965,113.87685,125.75726,124.00591,118.217476,115.1214525,7.025271608803
CCC(Br)(CC)C(=O)NC(=O)NC(C)=O,109,101.91214,102.255905,92.8697,98.04017,104.040665,111.42617,102.23534,115.77642,108.794205,113.66652,105.1017235,6.84134482173317
OC(=O)COC(=O)CC1=CC=CC=C1NC1=C(Cl)C=CC=C1Cl,149,237.81317,149.94156,166.5136,224.62624,143.70654,212.9001,164.98987,152.13136,166.9085,227.07587,184.660681,34.6282530222036
CC(=O)NC1=CC=C(C=C1)S(=O)(=O)C1=CC=C(NC(C)=O)C=C1,289,279.48724,220.81613,270.78296,274.51984,234.40831,283.94382,174.62091,272.3844,268.50125,282.7596,256.222446,33.7060842553858
NC1=CC=C(C=C1)S(=O)(=O)C1=CC=C(NCC(O)=O)C=C1,194,168.29865,161.91313,192.29732,159.53981,143.30212,166.49712,119.47322,179.16417,178.05397,195.17258,166.371209,21.456249815344
CC(=O)NC(CCC(N)=O)C(O)=O,197,174.33736,197.20477,177.90227,181.95253,191.64279,187.92113,184.21838,180.67766,199.02606,183.13576,185.801871,7.66839056342392
COC1=CC=C2N(C(=O)C3=CC=C(Cl)C=C3)C(C)=C(CC(=O)OCC(O)=O)C2=C1,150,144.28548,165.35513,141.74986,139.5265,146.02756,141.55077,156.2037,134.14226,155.6715,141.90419,146.641695,8.99024067662735
CC(=O)NC1=CC=C(O)C=C1,169,160.42961,167.5601,168.01779,161.09734,161.8237,155.36374,174.70047,164.88458,189.9296,172.45894,167.626587,9.25726939326392
CC(=O)NC1=CC=C(OC(=O)C2=CC=CC=C2O)C=C1,187,181.42882,175.39969,173.06856,181.17546,176.38792,144.89363,181.54109,176.34616,172.0876,162.48915,172.481808,10.6670737271501
CC(=O)SCC(CC1=CC=CC=C1)C(=O)NCC(=O)OCC1=CC=CC=C1,89,99.73107,93.68509,98.20607,89.464516,87.34796,56.645668,113.832985,92.991455,90.43807,84.314644,90.6657528,13.7858173723279
CCC(C(=O)NC(=O)NC(C)=O)C1=CC=CC=C1,100,82.8469,81.79929,176.72125,94.90158,77.99969,91.47777,85.84084,112.248924,98.89848,90.864075,99.3598799,27.4324255252742
CC(=O)OC1=CC=CC=C1C(O)=O,142.4,120.33805,123.68697,121.47807,123.36552,117.76215,124.552376,127.365456,114.3726,112.45732,124.976006,121.0354518,4.58039482018434
NC1=NC2=C(N=CN2COCCO)C(=O)N1,255,255.84099,253.45331,247.41832,245.16809,248.6278,231.07632,253.14595,254.51932,250.0488,276.02875,251.532765,10.5847499488852
CC1(OC(=CC1=O)C(O)=O)C1=CC=CC=C1,176,132.82556,160.45265,155.33063,172.49173,156.93379,160.04288,177.58273,165.20631,171.57672,173.9008,162.63438,12.3288931506758
COC1=CC(C)=C(C=CC(C)=CC=CC(C)=CC(O)=O)C(C)=C1C,228,219.42326,223.01028,232.07224,227.98311,239.71933,241.05016,241.1273,217.1927,144.1345,202.55038,218.826326,27.4797318230398
ONC(=O)CS(=O)C(C1=CC=CC=C1)C1=CC=CC=C1,159,174.7451,173.36726,148.83838,147.7956,141.1835,145.87383,156.44069,200.51154,152.88435,147.41328,158.905353,17.5333087037313
CN(C)CC(=O)N1C2=CC=CC=C2SC2=CC=CC=C12,144,146.7721,131.32057,133.24333,140.89908,149.96425,150.73506,171.46352,139.18793,132.9277,136.07584,143.258938,11.5412512654771
CCCSC1=CC=C2NC(NC(=O)OC)=NC2=C1,208,195.89314,205.7914,192.68459,182.23741,205.49257,195.0634,205.5785,199.57632,209.07904,209.68745,200.108382,8.25486002302861
CC(C)CC1NC(=S)N(CC=C)C1=O,210,196.95819,196.08138,190.13344,199.69196,194.1539,188.51306,194.88037,200.1788,183.97545,86.79449,183.136104,32.4696553050393
OC(=O)CC1=CC=C(OCC=C)C(Cl)=C1,92,89.83701,95.106926,89.15796,95.13425,96.198395,87.29561,99.4861,100.16803,83.4541,81.62655,91.7464931,6.1216554681044
COC1=CC(CC=C)=CC(C(=O)NCCO)=C1O,95,105.45844,89.771454,96.31474,103.62353,125.1608,110.9452,155.40584,93.18228,116.683014,104.36818,110.0913478,18.1915679688453
COC1=CC2=C(C=C1C(=O)NCC1CCCN1CC=C)N=NN2,139,139.331,129.4843,127.57903,138.5181,141.95549,142.77275,183.978,183.58583,138.50183,139.87593,146.558226,19.196254320506
CCCN(CCC)C(=O)CC1=C(N=C2C=CC(Cl)=CN12)C1=CC=C(Cl)C=C1,140,134.65125,133.77028,133.89246,130.86111,138.7048,153.91277,126.54683,154.61212,116.19154,136.00108,135.914424,10.9265697060012
CNCC(O)C1=CC=CC(NS(C)(=O)=O)=C1,159,146.346,205.36067,161.4584,150.42947,160.8299,160.71097,214.24535,164.15685,163.10805,160.83696,168.748262,21.3162268739647
NC1=NCC(O1)C1=CC=CC=C1,136,130.53654,114.29682,119.805374,128.44444,154.69121,128.40628,137.06635,123.96177,139.00221,135.8985,131.2109494,10.7377154212424
CN1C(=O)C=C(N)N(CC(C)=C)C1=O,175,173.62859,155.82143,168.2214,127.13209,184.1202,174.5809,178.3961,167.51224,140.55295,155.2638,162.52297,16.962583365078
NC1=CC=C(OCCCCCN2C(=O)C3=CC=CC=C3C2=O)C=C1,113,104.38448,112.602615,111.74146,98.479095,128.01584,100.20984,114.4669,106.33799,100.080055,108.16217,108.4480445,8.3997030329213
CCOC(=O)C1(CCN(CCC2=CC=C(N)C=C2)CC1)C1=CC=CC=C1,83,85.00994,155.44073,81.96094,79.48023,77.65132,90.394745,103.292816,100.84841,131.05325,88.343636,99.3476017,23.9667496090165
C(N(CC1=CC=CC=C1)C1=CC=CC=C1)C1=NCCN1,120,113.170555,112.095345,100.95327,117.10865,119.549835,110.45988,121.82638,127.73312,110.44034,99.84043,113.3177805,8.28185276741607
NC1=NC=NC2=C1N=CN2CC1=C(F)C=CC=C1Cl,245,229.40538,231.66592,180.10808,174.61775,229.57953,244.34981,238.28447,249.36931,219.7405,226.4532,222.357395,23.9649027381366
CC(C)NCC(O)COC1=CC=C(CC(N)=O)C=C1,146,138.90907,142.86034,119.304756,136.70805,133.92073,128.88905,140.43793,163.4177,137.46123,96.63417,133.8543026,16.3304547431814
CN1C2CCC1CC(C2)OC(=O)C(CO)C1=CC=CC=C1,114,109.23128,114.42246,125.178635,108.4287,145.42986,128.20987,128.89156,108.61237,123.466064,122.05951,121.3930309,11.0790570832489
OC(C1CCNCC1)(C1=CC=CC=C1)C1=CC=CC=C1,160,145.98175,109.82481,163.0773,162.36885,143.13342,137.78908,133.38626,154.91212,141.03596,144.85684,143.636639,14.6713349555516
CN1CCC(CC1)N(CC1=CC=CC=C1)C1=CC=CC=C1,114,70.440125,117.54333,100.72511,119.15193,104.684906,110.57151,104.121056,103.31194,93.17135,108.9614,103.2682657,13.1554384407884
CCN(CC)CCOC(=O)C(O)(C1=CC=CC=C1)C1=CC=CC=C1,51,66.72235,49.70494,63.01473,91.51635,57.77364,62.84221,50.766186,75.14253,56.044487,54.586906,62.8114329,12.0293293943456
FC1=CC=C(C=C1)C(=O)CCCN1CCC(CC1)N1C(=O)NC2=C1C=CC=C2,170,169.73927,175.21573,171.06154,171.05952,151.46858,183.19763,181.9787,204.97409,198.54613,163.20203,177.044322,15.0952233137511
CCC1=C(C(=O)C2=CC=C(O)C=C2)C2=C(O1)C=CC=C2,124.3,126.803474,110.89409,121.176575,134.82677,136.63664,121.232994,126.67367,119.469696,129.70529,123.848976,125.1268175,7.209050870294
OC(=O)C1=CC=CC=C1,122.4,136.0207,114.587715,143.90686,117.96,121.1014,114.053986,144.81583,122.50862,124.594955,139.89539,127.9445456,11.4285785494595
CN(C)CCCOC1=NN(CC2=CC=CC=C2)C2=C1C=CC=C2,160,155.90573,141.67197,52.210392,162.56308,148.43594,138.90527,106.57222,154.96223,155.64738,140.84145,135.7715662,31.5472596545385
CC(C)(OC1=CC=C(CCNC(=O)C2=CC=C(Cl)C=C2)C=C1)C(O)=O,186,181.38431,160.66724,172.07857,175.33377,179.16965,186.28725,168.57408,191.3433,164.54866,209.48245,178.886928,13.6205919419795
CCCCOC1=CC=C(CC(=O)NO)C=C1,153,96.07496,148.79442,105.88378,131.8022,142.72566,140.90466,137.46127,142.79732,156.784,144.19661,134.742488,18.1198482405443
CCCCN1CCCCC1C(=O)NC1=C(C)C=CC=C1C,107,149.0439,106.62976,105.02313,143.92894,107.769936,113.43919,116.91961,129.92227,121.60609,111.71965,120.6002476,14.7895636737222
COC12CCC3(CC1C(C)(O)C(C)(C)C)C1CC4=CC=C(O)C5=C4C3(CCN1CC1CC1)C2O5,209,198.96652,230.36446,178.65286,189.57297,193.49985,169.46281,197.34297,203.70222,189.41678,188.32545,193.930689,15.3719365090872
OCCOC(=O)NCC1=CC=CC=C1,40,54.110115,38.198997,38.286102,40.039276,65.76239,39.60894,36.85791,66.54107,64.115944,57.103153,50.0623897,12.0208671552114
CC(C)CC1(CC=C)C(=O)NC(=O)NC1=O,138,134.29657,115.2019,133.10828,129.23721,131.15338,129.14427,140.12808,148.97354,136.43813,139.6819,133.736326,8.41374292521967
COC1=CC(=CC(OC)=C1OC)C(=O)NCCCCCC(O)=O,121,118.38559,129.01477,119.47495,116.62843,151.7774,134.03914,142.58002,117.349754,147.59323,110.377495,128.7220779,13.8294243723307
NC(=O)N1C2=CC=CC=C2C=CC2=CC=CC=C12,190,176.27728,190.64693,183.62767,210.26859,186.8712,202.37553,197.25555,191.69124,193.1491,177.54274,190.970583,10.071147737572
CNC(=O)OC1=CC=CC2=C1C=CC=C2,142,128.21835,134.837,139.2305,136.29785,108.18503,145.27504,126.948494,131.75468,138.35371,123.703865,131.2804519,9.82891886469781
CCCCNC(=O)NS(=O)(=O)C1=CC=C(N)C=C1,144,161.49883,133.32428,153.7458,133.55151,139.84276,138.22112,129.01854,163.3306,137.75998,140.32762,143.062104,11.4749888181542
CCCC(C)(COC(N)=O)COC(=O)NC(C)C,92,88.97303,103.8681,87.10631,91.96433,89.20123,91.12933,85.094444,103.309074,97.94923,90.99054,92.9585618,6.20774352856672
NC(=O)CN1CC2=CC=CC=C2OC1=O,203,199.54744,184.40178,197.64056,196.73875,181.76393,198.0739,156.76591,147.37059,201.91353,183.91345,184.812984,17.8633747367345
CCN(CC)C(=O)NC1=CC=C(OCC(O)CNC(C)(C)C)C(=C1)C(C)=O,110,109.031136,103.210144,104.9826,117.331154,143.69374,103.21197,115.26019,103.15419,103.3041,109.303055,111.2482279,11.8809983746455
CN(C)CCC(O)(C1=CC=CC=C1)C1=CC=CC=C1Cl,120,131.10333,100.75497,132.23514,119.92098,113.96081,90.83082,134.53773,122.13487,108.47446,112.49972,116.645283,13.5023226292265
NC1=NC=NC(NC2=CC=C(Cl)C=C2)=N1,233,225.85736,218.51868,288.22873,226.6048,226.79329,220.40714,206.48126,221.79353,225.24352,216.943,227.687131,21.0083162330918
CCN(CC)CCCC(C)NC1=CC=NC2=C1C=CC(Cl)=C2,87,95.489586,81.69746,89.129906,94.24989,112.34979,95.13325,93.49777,115.85076,48.493088,95.945724,92.1837224,17.4204903837359
CN\C(NC#N)=N/CCSCC1=C(C)NC=N1,141,141.30719,122.1783,142.22931,178.59476,135.63754,124.52358,133.50836,159.46054,128.45177,209.40329,147.529464,26.2230846718174
OC(=O)C1=CN(C2CC2)C2=C(C=C(F)C(=C2)N2CCNCC2)C1=O,266,260.1549,263.38577,236.15251,219.45201,302.0003,206.76375,261.8342,219.6695,242.07397,265.9679,247.745481,27.0325595562886
COC1=CC(N)=C(Cl)C=C1C(=O)NC1CCN(CC2=CC=CC=C2)CC1,194,182.92856,181.68849,212.43819,196.53842,188.33005,190.5372,201.19666,184.7976,181.88657,191.87192,191.221366,9.35538202467457
COC1=CC=C2C(=C1)N(CC(O)=O)C(C)=C2C(=O)C1=CC=C(Cl)C=C1,242,231.96803,246.93192,222.64175,230.9449,229.28656,229.70206,227.29175,229.52058,238.81857,210.06978,229.71759,9.09914971043009
ClC1=CC=CC(Cl)=C1N=C1NCCN1,130,160.95021,217.91689,130.27446,139.80855,166.44653,118.59826,135.5636,133.24577,117.69937,133.30814,145.381178,28.4250925092802
CC(C)(C)NCC(O)COC1=CC(Cl)=CC=C1Cl,82,124.65761,81.68203,107.31178,114.52623,152.24744,112.839066,141.88336,114.82547,97.22411,158.45596,120.5653056,22.9611696765007
ClC1=CC=CC=C1C(N1C=CN=C1)(C1=CC=CC=C1)C1=CC=CC=C1,147,150.50055,156.17934,202.81067,140.85683,146.74669,161.77968,190.51054,160.58673,160.1437,183.37822,165.349295,19.1690335091967
CC1=CC=CC=C1N1CCN(CCC2=NN=C3CCCCN23)CC1,158,167.54353,157.47629,143.5877,159.45016,128.87396,145.34047,161.21648,136.34846,88.11222,145.46622,143.341549,21.6369845482865
CC(C)NC1=CC=CN=C1N1CCN(CC1)C(=O)C1=CC2=C(N1)C=CC(NS(C)(=O)=O)=C2,226,226.45966,230.28075,230.49689,203.17673,213.91534,217.23236,192.99416,222.2741,226.53859,156.2239,211.959248,21.8709971139566
CC1=CC=CC(CC2=CNC=N2)=C1C,114,100.97155,112.05579,127.83624,111.8908,118.10155,116.29037,131.31252,125.781746,126.81584,111.76969,118.2826096,9.03230151370123
CC(CN1CCOCC1)C(C(=O)N1CCCC1)(C1=CC=CC=C1)C1=CC=CC=C1,180,185.51077,189.00041,138.34517,118.06182,180.36952,175.29788,194.47214,171.20065,184.45667,181.57915,171.829418,23.1229936737295
COC1=CC=C(CC2=CN=C(N)N=C2N)C=C1OC,233,223.98102,223.28693,215.89857,212.00087,210.94144,222.59062,228.20622,230.2081,187.46628,181.46301,213.604306,15.818564818926
CN(C)CCN1C2=CC=CC=C2N(C)C2=CC=CC=C2C1=O,116,123.99988,113.441055,112.01536,115.61612,130.66843,116.52197,126.00782,122.343575,115.73706,134.76291,121.111418,7.30242209814463
O=C(CC1=CC=C(C=C1)C1=CC=CC=C1)NC1=CC=CC=N1,122,126.30213,107.20383,148.28876,139.00418,138.95538,132.6892,119.24559,168.95496,116.12181,121.920685,131.8686525,17.0071495158291
OCCN1CCCCC1C(C1=CC=CC=C1)C1=CC=CC=C1,106,101.65855,104.294754,88.98941,105.31494,115.32177,110.148605,92.22937,111.52913,95.66461,97.97604,102.3127179,8.19229581735997
ClC1=CC=C(COC(CN2C=CN=C2)C2=CC=C(Cl)C=C2Cl)C=C1,86.8,83.54793,100.94562,87.95548,84.21522,87.19074,91.1801,99.10966,107.78527,103.48651,106.8584,95.227493,8.94701419515925
OC(=O)CSCC(=O)NC1CCSC1=O,156,142.14247,148.21413,141.55156,149.97185,108.02228,150.34883,139.2853,155.693,144.73734,138.93483,141.890159,12.4024639125574
CC[C@H]1OC(=O)[C@H](C)[C@@H](O[C@H]2C[C@@](C)(OC)[C@@H](O)[C@H](C)O2)[C@H](C)[C@@H](O[C@@H]2O[C@H](C)C[C@@H]([C@H]2O)N(C)C)[C@](C)(O)C[C@@H](C)C(=O)[C@H](C)[C@@H](O)[C@]1(C)O,135,128.45918,136.16626,110.681496,117.58434,117.514565,118.1858,107.76644,130.93785,120.9922,95.53826,118.3826391,11.3028469963459
CC12CCC3C(CCC4=CC(O)=CC=C34)C1CCC2(O)C#C,141,190.1777,153.78812,173.63664,128.5182,136.02487,177.37794,142.9168,154.8125,140.30846,178.49475,157.605598,19.985917951304
CCNC1=NSC2=C1C=CC=C2,78,71.647606,96.248116,85.325096,67.53653,79.83888,72.752975,83.30707,73.18456,79.92875,69.98133,77.9750913,8.28714081582047
NC(N)=NC1=NC(CSCCC(N)=NS(N)(=O)=O)=CS1,163,162.79337,152.47537,171.88945,153.50322,132.1198,145.16338,142.9892,127.73458,126.18714,136.69318,145.154869,14.3477658524451
COCC(=O)NC1=CC(SC2=CC=CC=C2)=CC=C1N=C(NC(=O)OC)NC(=O)OC,129,116.101204,105.16321,99.87483,113.48076,123.21042,121.80245,118.46644,195.3396,211.54147,213.2629,141.8243284,43.2314848316978
NC(=O)OCC(COC(N)=O)C1=CC=CC=C1,151,138.1487,141.78745,136.7733,135.70337,143.32231,143.03001,126.795006,125.13807,139.28116,147.96005,137.7939426,6.82769858786757
CCOC(=O)C1=C(C)NC(C)=C(C1C1=CC=CC(Cl)=C1Cl)C(=O)OC,145,158.68355,189.7943,147.38188,149.52766,157.33331,164.2548,147.50815,145.43533,200.3201,147.453,160.769208,18.2453598519387
C(CN1CCCCC1)C(C1=CC=CC=C1)C1=CC=CC=C1,41,57.64329,45.27413,38.156265,58.978157,43.48668,59.250416,59.522995,63.00836,42.91189,38.70968,50.6941863,9.2866957056123
CS(=O)(=O)C1=CC=C(C=C1)C(O)C(CF)NC(=O)C(Cl)Cl,153,186.8071,180.2534,146.25694,143.47972,149.91118,141.09877,168.01392,154.67593,147.2896,155.79202,157.357858,15.0055783340975
COC1=CC=CC=C1N1CCN(CCCC(=O)C2=CC=C(F)C=C2)CC1,67.5,82.758026,78.28348,120.44952,120.908806,69.00363,89.7711,68.19199,70.636765,65.32968,51.97655,81.7309547,21.7584720056021
CC1CCC2=CC(F)=CC3=C2N1C=C(C(O)=O)C3=O,253,254.54071,255.84248,249.29277,238.34215,256.5801,240.39499,224.90782,239.37773,240.83331,240.0731,244.018516,9.45490534965232
FC(F)(F)C1=CC=C(C=C1)C1CNC(=O)CO1,115.5,136.94214,100.997635,104.55615,105.974266,111.65714,126.88639,110.71248,118.43365,121.73975,105.749146,114.3648747,10.8520231249454
CCOC(=O)NC1=CC=C(NCC2=CC=C(F)C=C2)N=C1N,114,148.13908,104.39852,116.94054,103.72456,118.31468,99.69018,120.40185,159.17935,153.16527,125.627266,124.9581296,20.3611076599617
FC1=CC=CC=C1C1=NCC(=O)N(CC2CC2)C2=CC=C(Cl)C=C12,118,136.1737,138.41542,102.89,130.98909,128.26842,132.29724,129.1256,150.24506,149.6318,152.33063,135.036696,13.7628068236274
CC(=NNC(=O)C1=CC=NC=C1)C1=CC=CO1,199,193.13968,197.05283,174.65189,192.79338,195.72653,190.84535,209.3307,193.23138,199.08705,193.5348,193.939359,8.12697232060802
CC1=CC=C(C)C(OCCCC(C)(C)C(O)=O)=C1,61,66.3354,52.90276,72.10649,61.07841,58.27166,63.379097,71.52582,55.927883,60.52147,68.78267,63.083166,6.20014833455731
CC1=CC(=NO1)C(=O)NCCC1=CC=C(C=C1)S(=O)(=O)NC(=O)NN1CCCCCC1,189,183.64453,163.26483,178.48215,172.07718,173.05246,179.8155,174.06757,185.97849,176.0164,167.19684,175.359595,6.64919746448133
COC1=CC=C(Cl)C=C1C(=O)NCCC1=CC=C(C=C1)S(=O)(=O)NC(=O)NC1CCCCC1,169,171.25638,153.95851,162.29391,158.82094,163.9419,155.871,171.39381,192.67093,172.20512,158.72235,166.113485,10.846677108552
COCCOC1=CN=C(NS(=O)(=O)C2=CC=CC=C2)N=C1,152,154.16507,123.83782,128.4451,181.39038,144.72537,131.32193,124.445366,123.338066,133.21468,177.62094,142.2504722,20.8242135213412
COC1=C2C(=O)C3(OC2=C(Cl)C(OC)=C1)C(C)CC(=O)C=C3OC,219,208.14587,221.19392,220.03682,192.97597,202.44269,211.49484,243.34946,218.34433,223.197,209.77629,215.095719,12.942202813174
NC(=N)NCC1COC2=CC=CC=C2O1,164,136.91423,147.33517,138.13669,134.32492,138.02405,129.5289,161.23067,154.39883,175.78421,155.39937,147.107704,13.7225246963503
OC1(CCN(CCCC(=O)C2=CC=C(F)C=C2)CC1)C1=CC=C(Cl)C=C1,148,125.78628,130.35733,140.64821,148.53401,138.80214,147.09244,127.1302,147.55246,138.39005,133.74422,137.803734,7.97596565100202
FC1=CC=CC=C1C12OCCN1CC(=O)NC1=CC=C(Br)C=C21,185,190.92815,177.21931,181.6841,181.30841,160.83856,182.40535,188.91034,172.69704,178.41339,179.0173,179.342195,7.9783122301139
NS(=O)(=O)C1=CC2=C(NCNS2(=O)=O)C=C1Cl,267,268.8696,279.7056,267.10443,247.99406,275.39093,271.21902,239.74829,266.6483,261.3083,279.14035,265.712888,12.3303225313654
[H][C@@]12CC[C@](O)(C(=O)CO)[C@@]1(C)C[C@H](O)[C@@]1([H])[C@@]2([H])CCC2=CC(=O)CC[C@]12C,223,217.52394,220.87256,203.71584,205.11111,205.9695,203.02937,209.35468,193.15356,190.39806,213.24176,206.237038,9.16740948886086
NS(=O)(=O)C1=CC2=C(NCNS2(=O)=O)C=C1C(F)(F)F,272,252.02567,269.4009,260.7305,255.3284,255.89941,247.83777,230.40016,266.25626,244.30661,275.63577,255.782145,12.5188143043894
CC1CCC2=C3N1C=C(C(O)=O)C(=O)C3=CC(F)=C2C,269,265.82532,276.48468,271.66205,243.24191,269.58832,255.86435,251.11331,252.52489,264.31735,261.48312,261.21053,9.8620046421425
CC(C)CC1=CC=C(C=C1)C(C)C(O)=O,75,70.867226,73.26277,41.589092,79.60575,59.580864,78.247665,65.48516,71.21047,63.689445,55.64928,65.9187722,10.9017490872413
CC(C(O)C1=CC=C(O)C=C1)N1CCC(CC2=CC=CC=C2)CC1,114,189.6109,123.70068,112.02392,197.92485,104.46074,118.17013,201.01562,130.48334,119.131,106.91698,140.343816,37.3453246564649
O=C(NC1CCN(CCC2=CNC3=C2C=CC=C3)CC1)C1=CC=CC=C1,208,205.73422,166.37756,201.96588,183.29005,177.05937,214.81581,215.703,178.22084,205.37099,195.33685,194.387457,16.2748877908009
CCCCC1=NC2(CCCC2)C(=O)N1CC1=CC=C(C=C1)C1=CC=CC=C1C1=NN=NN1,180,171.48026,173.92148,166.78598,174.55948,154.45093,161.37178,179.71368,167.13002,177.1384,166.63658,169.318859,7.24658469972228
NNC(=O)C1=CC=NC=C1,171.4,156.90454,151.94443,172.58131,150.15721,182.09225,160.87343,172.36244,170.40149,170.25192,158.6931,164.626212,9.86046013401383
CC(COC1=CC=CC=C1)NC(C)C(O)C1=CC=C(O)C=C1,102.5,89.17223,98.6603,109.13453,106.00231,100.78307,104.298775,159.44737,106.19871,146.91486,98.57138,111.9183535,21.4769243050321
CCC(=O)C1(CCN(C)CC1)C1=CC=CC(O)=C1,156,119.465004,157.4022,150.3015,161.29088,119.068855,139.45088,168.07115,127.82071,132.06479,153.47195,142.8407919,16.8001310660125
CC(C(O)=O)C1=CC=CC(=C1)C(=O)C1=CC=CC=C1,94,83.02181,84.20702,93.11347,86.017166,93.44201,95.3765,101.35539,112.146614,99.06058,106.95379,95.469435,9.15619957725039
CCOC(=O)CSCCC1NC(CS1)C(O)=O,142,116.31088,60.253014,138.68617,132.83797,148.77678,139.25407,144.12207,83.756676,138.1498,127.19073,122.933816,27.3616931394786
N#CC1=CC=C(C=C1)C(N1C=NC=N1)C1=CC=C(C=C1)C#N,181,199.0324,185.44533,181.88597,207.12216,206.5149,206.8656,170.21892,178.3504,220.48853,180.05208,193.597629,15.6352551486782
CC(OC1=C(Cl)C=CC=C1Cl)C1=NCCN1,126,123.79504,121.411156,119.12746,123.87252,133.63928,121.603966,124.64502,125.19978,114.82478,106.08562,121.4204622,6.85261818557552
OC1N=C(C2=CC=CC=C2Cl)C2=CC(Cl)=CC=C2NC1=O,166,190.37006,161.39865,213.95468,169.46774,171.31346,232.08488,169.84886,213.74876,216.05429,177.70924,191.595062,23.8922939216865
ClC1=CC=C(C=C1)C1=NN2C=CC3=C(C=CC=C3)C2=N1,238,122.98439,227.33406,175.8757,122.16007,192.76067,154.77963,208.98955,175.84496,227.70726,209.83548,181.827177,36.9365310589465
CCC1=C(C)NC2=C1C=C(C=C2)N(C)C,100,96.27841,93.41275,90.43403,86.94662,97.210754,93.40636,103.42501,90.79409,80.32213,100.79891,93.3029064,6.3735567647555
CC(=O)OC1(C(C)=O)C(=C)CC2C3C=C(C)C4=CC(=O)CCC4(C)C3CCC12C,224,212.34074,173.36464,181.10785,178.71703,196.3397,201.41928,209.78125,186.61163,191.79459,222.44081,195.391752,15.2332106752896
CC1=CC(CCN2CCN(CC2)C2=CC=CC(Cl)=C2)=NN1,106,118.65601,96.154755,110.12197,108.268135,101.195274,90.21168,104.54453,95.87514,124.023926,109.450134,105.8501554,9.96376903394075
CC(C)NCC(O)C1=CC(O)=CC(O)=C1,100,163.12682,158.97008,165.66817,169.70435,162.81346,158.84969,154.57022,169.5809,198.74011,139.0897,164.11135,14.271159746823
CCC1(CC(C)=C)C(=O)NC(=S)NC1=O,160,123.06403,159.56421,156.44772,125.58999,140.3571,165.05177,145.15965,149.54541,145.9418,165.79448,147.651616,14.1718196661291
CC1=C(CC2=NCCN2)C2=C(S1)C=CC=C2,156,144.94548,136.5109,136.41624,141.90344,139.99284,152.74336,151.09732,130.88501,136.8092,107.207695,137.8511485,12.0874550018265
CCN(CC)CCNC(=O)C1=CC(Cl)=C(N)C=C1OC,146.5,115.9357,142.5726,92.954636,137.01799,84.047806,145.59416,142.39037,146.16953,130.42537,134.26842,127.1376582,21.1747804111227
CS(=O)(=O)C1=CC=C2SC3=CC=CC=C3N(CCCN3CCC(CC3)C(N)=O)C2=C1,170,154.92546,148.48662,137.74913,158.71184,145.6183,154.45453,159.41719,182.0589,154.98569,168.46077,156.486843,11.6314011580635
NC(=O)CS(=O)C(C1=CC=CC=C1)C1=CC=CC=C1,164,163.14268,153.96016,158.95876,149.04672,141.27805,156.38708,168.48021,154.3681,152.08542,151.12166,154.882884,7.17097082998139
CCC1=C(C)NC2=C1C(=O)C(CN1CCOCC1)CC2,180,145.62248,172.75418,112.64434,174.85059,181.0542,173.91096,181.28693,160.01033,118.79194,173.68367,159.460962,24.0932559059168
CC1=CC=C(C=C1)C1(O)CCN(CCCC(=O)C2=CC=C(F)C=C2)CC1,118,117.846085,124.04988,122.92358,126.11762,127.939514,133.64308,121.58274,115.50767,116.33751,119.90934,122.5857019,5.34258917174608
CC1C(OCCN1CC1=C(C)N(C)N(C1=O)C1=CC=CC=C1)C1=CC=CC=C1,149,138.4015,142.07402,128.6621,144.05064,160.2327,136.07628,137.61462,152.94072,147.64018,126.2491,141.394186,9.888096262869
CCC1=CC2=C(C=C(OC)C(OC)=C2)C(CC2=CC=CC=C2)=N1,78,72.55325,72.05243,78.05705,68.804184,91.527695,132.9663,109.735374,92.79716,78.245125,80.44036,87.7178928,19.0830568155014
COC1CC2(C)C(CCC2(O)C#C)C2CCC3=CC(O)=CC=C3C12,280,270.93732,271.4395,270.37573,121.29296,262.0576,268.44968,250.31297,277.3787,253.41487,272.36575,251.802508,44.2646149657703
CC(C)(C)NCC(O)COC1=CC=CC2=C1CC(O)C(O)C2,124,117.72741,101.78042,136.47514,106.02973,119.93456,121.87414,123.75014,125.76086,89.7562,119.29964,116.238824,12.7600849417598
COC1=CC=C2C=C(C=CC2=C1)C(C)C(O)=O,152,136.62611,158.51929,131.26918,148.03029,144.65283,144.34373,143.24591,153.44075,136.23904,169.97032,146.633745,10.9501858184181
CCC(CC)(CC=C)C(N)=O,75,83.01398,67.540634,83.867195,72.85587,67.71228,83.329285,80.95852,76.91747,62.833153,65.08,74.4108387,7.79568095765494
CNC(=S)NCO,88,87.756424,71.60779,87.94297,93.034996,90.95579,97.69029,84.66243,73.78156,82.22261,82.82462,85.247948,7.71028553744252
COC1=CC=C2NC(=NC2=C1)S(=O)CC1=NC=C(C)C(OC)=C1C,156,151.5047,158.97597,185.35025,133.95946,162.63327,207.0489,146.25522,131.97617,149.75024,167.77827,159.523245,21.7991671773383
OC(=O)C1=CC(=O)NC(=O)N1,345,319.53207,329.53503,351.0356,235.13419,241.47581,320.36624,308.94516,307.29562,332.29205,272.69382,301.830559,37.1403103544864
OC1N=C(C2=CC=CC=C2)C2=CC(Cl)=CC=C2NC1=O,205,202.93428,183.28792,188.00134,192.7674,182.02588,167.02963,176.54091,198.86816,192.24892,199.99066,188.36951,10.7391925521726
CCCOC1=CC=C2NC(NC(=O)OC)=NC2=C1,230,212.39485,216.60579,222.89162,200.1563,218.23648,175.91385,205.77304,226.04161,234.60269,222.33536,213.495159,15.6609764319486
CCCCCCN1C(=O)N(C)C2=C(N(C)C=N2)C1=O,82,96.48592,81.35053,108.119,95.647224,93.16396,85.821075,96.2663,106.70887,89.28646,94.31802,94.7167359,7.87194486379391
OCCN1CCN(CCCN2C3=CC=CC=C3SC3=CC=C(Cl)C=C23)CC1,94,98.486145,94.84511,84.04564,100.97213,84.73845,91.48091,108.75012,106.98144,112.64287,99.734924,98.2677739,9.19267398228442
C=CCC1(C(=O)NC(=O)NC1=O)C1=CC=CC=C1,156,138.1439,132.581,151.0944,153.37074,131.07893,154.8602,149.93427,152.10991,152.63521,143.96898,145.977754,8.50979228584835
CCN(CC)CCSC(=O)N(C1=CC=CC=C1)C1=CC=CC=C1,48,61.81252,62.839172,35.604168,63.570854,72.34939,58.8658,70.90172,58.515327,83.06217,41.728657,60.9249778,13.2334770955051
CN1CCC2=C(C1)C(C1=CC=CC=C21)C1=CC=CC=C1,91,102.66226,84.11,81.75703,98.93065,90.065155,95.228004,120.535034,84.74663,77.344475,102.12885,93.7508088,12.2337079812036
CCOC1=CC=C(NC(=O)CN)C=C1,100.5,111.21654,90.68342,94.57452,136.50177,96.87394,110.98702,124.41091,143.0044,101.21057,97.278,110.674109,17.3772581816278
O=C1NN(C(=O)C1C1=CC=CC=C1)C1=CC=CC=C1,233,220.75504,217.61945,208.39577,179.71603,245.85312,218.2861,221.69742,228.63005,228.30246,222.14987,219.140531,16.057831966396
CC(C)NCC(O)COC1=CC=CC2=C1C=CN2,170,142.64192,137.60803,118.47169,151.35942,145.65352,160.28716,134.65953,170.35127,177.3833,103.7635,144.217934,21.2864805792457
CCC1(CC)C(=O)CCNC1=O,102,103.070335,37.287567,94.32978,96.32142,80.70873,86.934265,94.17874,100.46787,106.02995,88.84703,88.8175687,18.6419242411167
BrCCC(=O)N1CCN(CC1)C(=O)CCBr,106,106.330025,119.732605,114.81855,109.382935,102.273224,107.14992,95.58852,106.01153,125.57943,87.17167,107.4038409,10.581432091092
CS(=O)(=O)OCCC(=O)N1CCN(CC1)C(=O)CCOS(C)(=O)=O,175,169.74971,207.30707,240.08485,196.97502,188.75146,163.95674,205.5964,197.03522,232.31674,174.21313,197.598634,23.8785335385665
CCOC(=O)C=C1SC(N2CCCCC2)C(=O)N1CC,86,82.243095,91.38102,70.357834,87.94559,88.5735,77.19972,74.92292,105.59378,125.61559,83.49175,88.7324799,15.4377458213751
CN1C(C(=O)NC2=CC=CC=N2)=C(O)C2=CC=CC=C2S1(=O)=O,198,191.22261,172.27046,184.36458,184.41702,196.98724,188.2305,219.08673,180.30434,165.72394,187.55394,187.016136,13.7004787544773
COC1=CC(=CC(OC)=C1OC)C(=O)OCC1=CC=CC(COC(=O)C2=CC(OC)=C(OC)C(OC)=C2)=N1,119,126.959526,134.90259,124.50888,91.259094,105.83908,118.67981,137.25822,92.07543,110.30939,72.22643,111.401845,20.0841564677747
O=C(C1CCCCC1)N1CC2N(CCC3=CC=CC=C23)C(=O)C1,136,95.83131,138.04895,123.70953,121.61176,128.4747,129.96799,124.02219,139.96616,133.77954,124.92931,126.034144,11.6718480086456
COC1=CC2=C(C=C1OC)C(N)=NC(=N2)N1CCN(CC1)C(=O)C1=CC=CO1,285,310.51218,303.65826,251.1172,261.00717,220.03015,262.8616,248.95312,273.45316,285.59528,264.53983,268.172795,25.4047709903444
OC(CCN1CCCCC1)(C1=CC=CC=C1)C1=CC=CC=C1,120,111.70458,117.75369,118.80163,100.14372,95.438095,117.62538,129.39604,119.46409,118.60356,125.20981,115.4140595,9.92899931758091
CC(CN1C2=CC=CC=C2SC2=CC=CC=C12)N(C)C,60,73.65821,62.97133,52.9219,53.22623,50.157494,63.344204,107.61105,62.601013,47.013615,45.280872,61.8785918,17.3867846090545
CC(C)C1(CC(Br)=C)C(=O)NC(=O)NC1=O,177,178.80287,141.62354,160.9439,151.33974,158.7156,169.33778,164.30362,175.47313,174.70973,164.50015,163.975006,10.9203330916728
CCC(=O)OC(CC1=CC=CC=C1)(C(C)CN(C)C)C1=CC=CC=C1,75,65.313484,75.82884,55.104313,33.906425,78.55278,47.62548,60.32331,68.96844,66.12558,87.56806,63.9316712,14.8473560274072
CC(C)NCC(O)COC1=CC=CC2=C1C=CC=C2,162,135.5828,142.42038,109.053185,132.80562,110.271515,156.99208,89.857635,159.79164,155.39922,127.212494,131.9386569,22.0547443938186
NC(=O)C1=CN=CC=N1,189,191.27586,186.00462,184.4628,185.56659,179.65933,195.08992,175.49944,159.86145,178.89299,166.11166,180.242466,10.3017742535334
CNC(NCCSCC1=CC=C(CN(C)C)O1)=CN(=O)=O,69,96.18676,75.807014,114.979034,141.83655,63.28557,119.09539,75.94409,71.00005,156.37273,58.324425,97.2831613,32.4772274921866
OC(=O)C1=CC=CC=C1O,157,129.59357,149.5447,160.9229,138.10847,141.99348,139.34082,143.60007,135.2096,138.95164,137.2379,141.450315,8.17772431450737
CC1=C(C)C(=O)C(C(CCCCCC(O)=O)C2=CC=CC=C2)=C(C)C1=O,128,116.25791,138.75688,134.46075,128.97072,126.11067,145.64178,120.24757,123.56335,119.612305,127.74924,128.1371175,8.7240187541675
ClC1=CC=C(C(CN2C=CN=C2)OCC2=CSC3=C2C=CC=C3Cl)C(Cl)=C1,146,155.02705,160.23193,141.63393,140.0073,156.80544,157.35953,157.84042,154.015,137.0233,153.5771,151.3521,8.00491444772023
FC1=CC=C(C=C1)C(=O)CCCN1CCC2(CC1)N(CNC2=O)C1=CC=CC=C1,190,156.31157,175.73395,133.15184,179.5602,170.50189,144.5785,178.2776,169.76247,167.13908,174.2004,164.92175,14.6712550545528
NC1=CC=C(C=C1)S(=O)(=O)C1=CC=C(NC(=O)CCC(O)=O)C=C1,157,138.7304,155.16214,141.56349,154.38028,137.66478,153.05606,130.27136,198.30057,144.78989,213.34087,156.725984,25.9123465398853
CC1=CC=NC(NS(=O)(=O)C2=CC=C(N)C=C2)=N1,234,224.81479,214.79102,223.40729,227.42963,233.64816,223.85712,224.25475,225.03195,210.7122,220.53705,222.848396,6.05900834068447
CCN1CCCC1CNC(=O)C1=CC(=CC=C1OC)S(N)(=O)=O,178,163.20705,94.27274,167.43338,115.7576,163.10378,141.23262,166.08257,169.41884,157.51471,167.02188,150.504517,24.4630428830581
CCC(=C(C1=CC=CC=C1)C1=CC=C(OCCN(C)C)C=C1)C1=CC=CC=C1,96,115.69895,106.455956,107.852234,108.65243,108.04069,91.94004,98.048676,119.432076,119.305084,102.36559,107.7791726,8.41911181456686
O=S1(=O)CCN(CN2CCS(=O)(=O)NC2)CN1,154,128.69948,270.23672,154.17047,158.60703,156.8131,147.17569,166.66635,141.26909,147.35905,144.14351,161.514049,37.5845522690984
CN1C2=C(NC=N2)C(=O)N(C)C1=O,270,264.45856,260.79944,225.04817,256.3077,234.47311,264.48148,251.26318,264.74692,273.0668,259.8233,255.446866,14.1060788435264
C=CCC1(C2CCCC=C2)C(=O)NC(=S)NC1=O,148,133.08391,146.89124,120.82294,110.48671,135.0734,134.88295,143.87863,148.72403,163.22571,132.19743,136.926695,14.0768786748073
CN(C)C1=NC(=O)C(O1)C1=CC=CC=C1,133,123.6363,117.07963,137.74873,131.98454,120.84488,110.743225,153.84154,133.94562,144.75993,144.31296,131.8897355,13.0270708971331
COC1=CC=C2C(=CC=CC2=C1C(F)(F)F)C(=S)N(C)CC(O)=O,164,164.69269,160.31665,168.00285,160.84795,166.86426,162.23753,162.66728,168.2664,159.23799,141.90251,161.503611,7.21075540104842
CN(C)CCOC1=CC=C(C=C1)C(=C(CCCl)C1=CC=CC=C1)C1=CC=CC=C1,108,126.295525,109.575516,95.99745,118.3945,114.703545,96.61994,105.6463,143.9919,117.67673,112.1944,114.1095806,13.4263834173203
CCN(CC1=CC=NC=C1)C(=O)C(CO)C1=CC=CC=C1,96,99.66597,89.40173,92.09734,97.92823,104.40297,92.29568,102.183624,105.677055,125.55251,84.94949,99.4154599,10.8210478930976
NCCC1=CC=C(O)C=C1,164,124.67512,111.65805,130.65364,121.94242,134.2037,155.19327,91.23602,158.50238,146.01776,150.83319,132.491555,20.0650169534542
COC1=CC=CC=C1N1CCN(CCCNC2=CC(=O)N(C)C(=O)N2C)CC1,156,151.66757,158.54514,140.72934,154.54471,152.02342,150.79161,143.91313,150.55437,164.00188,119.964584,148.6735754,11.4239343317401
CCCCC(=O)N(CC1=CC=C(C=C1)C1=CC=CC=C1C1=NN=NN1)C(C(C)C)C(O)=O,116,100.20965,112.227005,188.07526,113.68603,97.76732,89.49779,109.78129,114.60814,110.817406,112.8257,114.9495591,25.6224057984923
NC1=C2C(O)CCCC2=NC2=C1C=CC=C2,245,233.82585,227.54785,227.56093,240.05199,192.33548,236.89503,226.26102,225.23454,218.86266,182.0964,221.067175,18.0314459477953
CCCC(C)C1(C=C)C(=O)NC(=O)NC1=O,90,106.302,125.48698,97.407166,118.055786,115.46164,144.50258,127.5977,113.521095,128.75159,108.32688,118.5413417,12.8226669647374
CC(=O)CC(C1=CC=CC=C1)C1=C(O)C2=CC=CC=C2OC1=O,161,156.6905,153.71922,156.40952,155.07959,162.99385,148.20964,163.7883,167.69464,168.83589,159.37173,159.279288,6.18312877630864
CC1=CC=CC(OCC(O)CNC(C)(C)C)=C1C,57,141.61461,109.456314,138.71399,138.29173,90.21497,150.44199,107.63451,100.156685,84.12955,92.09305,115.2747399,23.3792492604029
COC1=CC(=CC=C1CC1=CN(C)C2=C1C=C(NC(=O)OC1CCCC1)C=C2)C(=O)NS(=O)(=O)C1=CC=CC=C1C,138,131.71326,204.89015,136.87741,130.09923,256.90314,126.44967,121.99485,132.25731,240.99751,126.711205,160.8893735,49.6333532498111
COC(CN1CCN(CC(O)C(OC)C2=CC=CC=C2)CC1)C1=CC=CC=C1,83,75.38211,144.54893,71.831314,79.01914,116.857666,70.159515,93.33761,90.51664,150.37532,92.099846,98.4128091,27.7635905165441
CN1C(CC(O)=O)=CC(C)=C1C(=O)C1=CC=C(Cl)C=C1,178,169.67355,180.954,179.87573,175.28091,175.19649,147.29555,141.60477,166.31392,177.38857,172.18877,168.577226,12.8336487092036
OC(=O)CC1=NN(CC2=NC3=C(S2)C=CC(=C3)C(F)(F)F)C(=O)C2=C1C=CC=C2,197,200.60617,187.23888,180.11256,211.18758,203.30728,180.13396,187.56319,243.00578,187.88031,191.44147,197.247718,17.9945536309728
NC1=NC2=C(O1)C=CC(Cl)=C2,184,169.76668,188.6976,181.70964,177.1868,181.63771,191.46132,179.25426,176.77577,183.04019,196.5695,182.609947,7.42882653342377
CN1C2=C(N(CC(O)=O)C=N2)C(=O)N(C)C1=O,271,239.04674,225.88924,257.87003,187.59059,266.8662,205.35643,241.91437,260.9128,242.06602,246.22612,237.373854,23.6709795383242
CC(=O)C1=CC=C(C=C1)S(=O)(=O)NC(=O)NC1CCCCC1,188,181.22382,174.8345,190.34303,177.48286,184.49312,189.98184,185.93892,178.60245,175.56062,170.77423,180.923539,6.28360761763408
CCC1(CCC(C)C)C(=O)NC(=O)NC1=O,156,145.17242,140.09882,145.84416,147.23808,139.44247,156.08206,153.2254,154.73454,147.41089,153.08028,148.232912,5.58995246339323
NC1=CC=CC(=C1)N1C=CC=CC1=O,182.5,162.71063,171.03293,173.84766,168.87793,167.28271,138.80568,164.54694,141.32967,183.18642,169.58775,164.120832,13.1562296938673
CC(CC1=CC=CC=C1)NC(C#N)C1=CC=CC=C1,85,81.95717,70.62552,89.47716,88.2955,80.97637,88.29254,87.84625,89.11356,85.23078,89.67641,85.149126,5.66164630489437
CCCC1C(=O)N2N(C1=O)C1=CC(C)=CC=C1N=C2N(C)C,228,218.3675,164.65462,206.11061,212.37698,226.15047,205.68895,214.37563,208.10764,166.73134,228.4856,205.104934,21.0319365817531
COC1=CC=C(CCN2CCC(CC2)NC2=NC3=C(C=CC=C3)N2CC2=CC=C(F)C=C2)C=C1,149.1,145.84512,162.6517,117.240685,135.97101,148.06189,132.05367,148.13693,147.77881,146.82071,150.86296,143.5423485,11.7276831556233
CCCCNCC(O)C1=CC=C(O)C=C1,123.5,112.639145,114.460175,122.253555,115.59697,120.22154,131.9011,124.54946,112.97268,123.43317,97.9713,117.5999095,8.72094628118516
O=C1CCC(C2CCN(CC3=CC=CC=C3)CC2)(C(=O)N1)C1=CC=CC=C1,156,139.39134,143.20209,141.7065,147.00237,141.70314,151.95909,178.01349,179.769,147.06456,139.3702,150.918178,14.4683344768331
CCOC1=CC=C(NC(=O)CC(C)O)C=C1,160,147.61223,153.2841,151.42043,158.29974,160.99707,142.65015,126.920235,153.68082,152.2909,124.74746,147.1903135,11.7156541121237
NC(CN(CC1=CC=CC=C1)C1=CC=CC=C1)=NO,107,108.50674,87.12599,97.40865,149.72777,106.52834,101.374405,98.316605,107.0657,154.27257,98.4207,110.874747,21.4017334114168
COC1=CC=C(C(C)=CC(O)=O)C(OC)=C1,149,137.66241,145.85327,154.00429,144.13852,151.96793,113.13402,176.37318,150.35776,139.67026,143.1355,145.629714,14.9709035123817
CN1C2=C(N(CC3OCCO3)C=N2)C(=O)N(C)C1=O,144,168.17041,152.54979,146.877,160.04504,154.0517,119.73142,148.25665,139.56137,131.78494,129.44489,145.047321,14.1454562491455
O=CC1=C2CCOC(=O)C2=CC=C1,140,105.9143,103.12462,102.25917,85.17744,116.62063,94.83005,95.61313,111.50663,94.62053,75.562546,98.5229046,11.525992204171
CCN(CC)C(C)CN1C2=CC=CC=C2SC2=CC=CC=C12,53,41.68785,49.70838,40.071117,41.799065,58.967598,41.606495,67.19396,69.93799,46.26842,38.63345,49.5874325,11.0474449848075
N#CC1=CC=C(C=C1)C1CCCC2=CN=CN12,117,113.793015,99.60555,109.66041,119.73968,110.64135,127.76093,166.29654,143.38643,102.0276,108.46519,120.1376695,19.6352125133672
CCC(=O)N(C1CCN(CCC2=CC=CC=C2)CC1)C1=CC=CC=C1,83,150.46616,107.65836,84.6175,98.47644,126.98263,106.34356,108.183365,95.742424,95.09094,73.19029,104.6751669,20.5477769615291
CC(C)(C(O)=O)C1=CC=C(C=C1)C(O)CCCN1CCC(CC1)C(O)(C1=CC=CC=C1)C1=CC=CC=C1,142,170.25053,192.70181,198.54935,192.50603,239.15726,232.27058,160.15459,205.22656,148.64929,184.02711,192.349311,27.3731834041916
CC(C(O)=O)C1=CC=C(C(F)=C1)C1=CC=CC=C1,110,122.22392,85.36105,115.50141,121.29979,121.64508,76.39108,105.73572,113.092896,84.41313,117.31552,106.2979596,16.6689053110698
OC(=O)C1=CC=CC=C1OP(O)(O)=O,168,168.8081,170.16232,149.46686,228.85127,149.70851,142.7729,160.59319,166.99359,165.6775,153.30006,165.63343,22.8998200324016
CC1=CC=C(C=C1)S(=O)(=O)NC(=O)NC1C(O)C2(C)CCC1C2(C)C,192,185.6664,162.0586,181.32771,171.14333,164.70538,146.6913,182.06409,195.38089,175.34726,182.6657,174.705066,13.2921900639497
FC(F)(F)CN1C2=CC=C(Cl)C=C2C(=NCC1=O)C1=CC=CC=C1,164,168.97809,157.9053,128.95857,153.24303,151.32805,160.84386,160.35834,159.32501,136.0362,176.54031,155.351676,13.4257071656134
CCC1(C(=O)NC(=O)NC1=O)C1=CCCCCC1,174,166.72678,152.25041,162.17776,182.2831,159.46344,168.3431,172.16792,172.63206,148.5896,172.03607,165.667024,9.68514289423156
CCN(CC)CCNC1=CC=C(CO)C2=C1C(=O)C1=C(S2)C=CC=C1,100.6,102.955826,87.793945,80.25806,105.651024,93.30689,104.89892,104.66021,99.57337,76.514854,82.82027,93.8433369,10.6665358130097
CC1=CC(=O)OC2=C1C=CC(O)=C2,194,188.55936,237.45448,208.989,207.73146,196.95462,191.82387,199.30304,208.63524,199.49553,181.07028,202.001688,14.642410031815
CC(C)OC1=CC=C2C(=O)C(=COC2=C1)C1=CC=CC=C1,115,133.13792,109.19151,107.6765,108.15672,114.78189,104.28422,113.604004,105.254585,117.70948,107.59908,112.1395909,8.09493520216693
O=C1N(CCCCN2CCN(CC2)C2=NC=CC=N2)S(=O)(=O)C2=CC=CC=C12,137,137.4901,131.69186,125.944305,130.35254,123.65287,132.62242,141.11357,137.7175,136.1785,133.31332,133.0076985,5.14257497704995
OC(=O)CCCCC=C(C1=CC=CC=C1)C1=CC=CN=C1,114,115.28412,79.016106,106.83432,123.39644,132.41344,113.69556,110.16017,114.03272,108.464066,112.91454,111.6211482,13.0164899619231
[O-][N+](=O)O[C@@H]1CO[C@@H]2[C@H](CO[C@H]12)O[N+]([O-])=O,61,76.243515,60.335148,56.324314,100.33506,85.65406,65.92941,56.88762,72.92837,64.219986,64.0334,70.2890883,13.2285048702132
CC(=O)N1CCN(CC1)C1=CC=C(OCC2COC(CN3C=CN=C3)(O2)C2=CC=C(Cl)C=C2Cl)C=C1,146,136.062,167.06657,120.983864,133.24039,129.63393,139.29909,137.81102,151.30338,161.34018,151.61864,142.8359064,13.8053973250019
CC1=CC=CC(C)=C1NC(=O)CN1CCN(CCCC(C2=CC=C(F)C=C2)C2=CC=C(F)C=C2)CC1,159,156.91267,170.50058,159.99416,158.31383,138.59258,142.9374,195.75996,169.74876,168.7026,179.54785,164.101039,15.9233428600363
CCCCC(C)CC(O)C=CC1C(O)CC(=O)C1CCCCC=CC(O)=O,97,81.392494,77.55962,84.485916,96.71316,94.143005,102.4031,96.59279,84.73674,84.21606,97.97603,90.0218915,8.02220819717112
OC(=O)C1=NN(CC2=CC=C(Cl)C=C2Cl)C2=C1C=CC=C2,207,202.94908,205.52687,189.11041,192.90425,201.55429,186.53723,200.22632,220.31873,198.14325,208.58963,200.586006,9.37302213848468
NCC1=CC=C(C=C1)S(N)(=O)=O,151,136.9347,119.073204,158.70871,123.6686,122.152084,141.28093,147.3306,126.933495,117.3632,120.545555,131.3991078,13.265987054722
CNCCCC12CCC(C3=CC=CC=C13)C1=CC=CC=C21,92,162.02437,109.47876,128.40163,143.0952,114.883835,125.50891,121.67189,104.90145,101.221436,93.13689,120.4324371,19.5969273178755
CCC(C)C(C)(COC(N)=O)COC(N)=O,77,69.79912,91.79973,80.658005,63.10974,80.742645,72.45815,65.15998,65.34428,74.32303,87.24601,75.064069,9.28736389168444
CC1=NC2=C(C=CC=C2)C(=O)N1C1=CC=CC=C1Cl,126,146.74207,132.38855,138.87436,119.69563,137.37228,134.57362,127.8046,112.83348,124.23076,132.56697,130.708232,9.38387780913286
CCC1(NC(=O)N(C)C1=O)C1=CC=CC=C1,136,142.58488,98.85632,109.5478,129.86807,101.06387,127.72322,128.63939,111.05348,103.42978,135.84276,118.860957,14.9975156971313
CCC1(C(=O)NC(=O)N(C)C1=O)C1=CC=CC=C1,176,159.81992,117.41416,147.94426,176.31786,158.0971,161.29556,182.1451,161.18163,165.36336,172.66951,160.224846,17.0618796846134
CCCC(C)(COC(N)=O)COC(N)=O,104,99.65227,104.27529,114.346954,85.70818,95.842545,87.78969,104.72288,96.849724,114.85681,100.067276,100.4111619,9.1985594188839
CN1CCC(CN2C3=CC=CC=C3SC3=CC=CC=C23)C1,87,86.527016,78.07268,99.46393,88.42189,77.39964,86.7972,106.23801,86.10045,67.79368,75.106285,85.1920781,10.8538827424774
[H]N1C(=O)N(C([H])([H])[H])C(C1=O)(C1=C([H])C([H])=C([H])C([H])=C1[H])C([H])([H])C([H])([H])[H],210,143.56766,144.48192,170.19075,175.10074,149.01805,165.8682,196.02792,162.6842,170.19005,178.20142,165.533091,15.5947078650326
CC1NC2=CC(Cl)=C(C=C2C(=O)N1C1=CC=CC=C1C)S(N)(=O)=O,252,244.24474,253.6008,237.93962,233.70052,252.18936,252.98822,238.12285,237.875,261.13614,241.40054,245.319779,8.59033937470279
COC1=CC=C2N3CCN(C)C4=NCCC(C2=C1)=C34,164,171.02237,175.30939,138.86525,144.78752,168.20529,126.1223,158.46461,153.4698,154.19792,149.56656,154.001101,14.4105740833115
CCOC(=O)NC1=CC=C2SC3=CC=CC=C3N(C(=O)CCN3CCOCC3)C2=C1,156,171.66478,98.942795,140.34244,152.49693,129.89307,153.0842,174.81326,150.91063,150.75052,163.9047,148.6803325,20.9344710494036
O=C(NCN1CCOCC1)C1=CN=CC=N1,118.5,124.65577,111.92924,125.124916,121.70017,152.8566,122.60859,120.565544,121.66213,114.60919,111.17776,122.688991,11.135520418464
COC1=CC=C2C=C(CCC(C)=O)C=CC2=C1,80,79.01665,99.52041,86.8335,76.94256,85.43906,85.72205,75.64594,84.62871,75.194336,65.50437,81.4447586,8.67819388745755
CN1CC(C2=CC=CC=C2)C2=CC=CC(N)=C2C1,179,113.32527,155.38942,159.9551,164.46964,164.83948,168.19351,114.85089,160.97275,161.27328,103.86029,146.712963,23.9531728041252
CN1C2=C(C3=C1C=CC=C3)C(=O)C(CN1C=CN=C1C)CC2,231,159.59558,144.01466,182.44678,121.0754,163.53499,113.70705,135.2933,148.92151,126.25174,126.27941,142.112042,20.5902822623469
OC(=O)CCC1=NC(=C(O1)C1=CC=CC=C1)C1=CC=CC=C1,160.5,155.838,158.26195,153.11208,146.40883,133.63043,140.3388,153.1338,150.5886,153.38428,157.86832,150.256509,7.54385980511761
CC1CN2CC(=O)NC3=CC=C(Cl)C=C3C2(O1)C1=CC=CC=C1,186,178.46799,178.04318,174.6384,176.77086,158.9202,179.9311,186.36339,163.14293,183.34059,173.24724,175.286588,8.05582607637082
CC1COC2=C(C(F)=CC3=C2N1C=C(C(O)=O)C3=O)C1(N)CC1,269,258.63333,271.4144,259.08612,250.07715,271.71884,260.68857,209.12967,254.38727,264.2294,250.61781,254.998256,16.8650285446507
CC(C)(C)NCC(O)COC1=CC=CC=C1C1CCCC1,68,77.165924,72.226845,89.90789,81.237625,73.684944,144.08853,80.561874,91.09951,71.8261,68.17706,84.9976302,20.9659672686252
OC1CCN(CCCN2C3=C(SC4=C2C=C(C=C4)C#N)C=CC=C3)CC1,116,63.94022,93.71162,63.199833,88.45058,129.91682,82.103165,138.25221,128.01373,73.26576,74.82058,93.5674518,26.8807595261452
CCC(=O)C(CC(C)N1CCOCC1)(C1=CC=CC=C1)C1=CC=CC=C1,75,78.916954,82.25567,68.8363,73.98619,76.39072,105.4069,85.436005,72.76671,116.335594,90.61883,85.0949873,14.4253569610452
NC1=CC=C(N=NC2=CC=CC=C2)C(N)=N1,139,141.04478,113.16551,146.87556,136.88278,118.66455,129.67644,150.3104,126.81973,146,176.66649,138.610624,17.2658646470017
O=C1NC(=O)C(N1)(C1=CC=CC=C1)C1=CC=CC=C1,295,223.49916,263.94632,282.78546,279.35254,227.4037,267.99075,293.25497,283.70828,278.49048,269.89636,267.032802,22.3185168319738
CC(C)(OC1=CC=C(Cl)C=C1)C(=O)NC(=O)NCN1CCOCC1,100,95.121635,99.35671,94.41494,140.43788,144.84541,98.76825,100.65298,107.480774,104.20056,178.04807,116.3327209,26.8350738491828
CCC1(C(=O)NCNC1=O)C1=CC=CC=C1,281,142.67758,136.65247,254.26274,122.73881,237.78609,273.26465,214.03702,137.27866,247.3661,241.76318,200.78273,55.7858331063192
CCCN(CCC)S(=O)(=O)C1=CC=C(C=C1)C(O)=O,198,146.87666,196.95535,164.57895,159.74696,187.88318,162.45766,175.03923,185.77498,175.10027,157.30035,171.171359,14.9006854084975
CCCN(CCC)C(=O)C(CCC(O)=O)NC(=O)C1=CC=CC=C1,142,126.23882,128.04881,129.29295,117.002075,109.801125,118.38825,139.55794,94.33477,150.41917,127.31212,124.039603,14.7054194334893
CC(CN1C2=CC=CC=C2NC2=NC=CC=C2C1=O)N(C)C,122,115.913246,114.7884,170.12029,108.55367,117.97006,110.31292,123.64681,170.60507,118.48383,133.933,128.4327296,22.0099403828867
OC(C1=CC(C=C1)=C(C1=CC=CC=N1)C1=CC=CC=N1)(C1=CC=CC=N1)C1=CC=CC=N1,146.5,162.04349,136.13927,129.97003,142.0258,141.19226,146.16733,184.29802,140.0123,136.00977,145.70285,146.356112,15.0057984053191
CC(=O)NC(=O)C1=CC=CC=C1O,148,137.114,140.58855,141.46423,136.09862,132.54193,140.08249,147.17506,112.73971,143.8328,140.62048,137.225787,9.0243415587466
CCCC1=CC=C(OCC(=O)N2CCN(CC2)C(=O)COC2=CC=C(CCC)C=C2OC)C(OC)=C1,128,105.25205,154.8403,117.71136,129.3331,111.89865,131.94446,141.99135,145.05318,128.26701,106.44012,127.273158,16.0203058286225
CC(C)(C)NC(=O)C1CCC2CC34CCC(CC=C3C=C(O)C=O)C4CCC12C,257,253.68462,267.12234,246.8539,130.15587,252.26762,239.36415,262.5547,246.0589,239.85443,247.47586,238.539239,37.1032262824233
NS(=O)(=O)C1=CC=C(C=C1)N1CCCCS1(=O)=O,180,171.31956,177.86346,172.84363,161.31476,172.11644,144.18086,124.58721,174.30902,181.63171,173.66345,165.38301,16.8363977785719
CNS(=O)(=O)CC1=CC=C2NC=C(CCN(C)C)C2=C1,169,162.9957,175.58907,174.85042,162.66937,170.99042,161.9805,149.35358,164.45094,183.18747,162.60753,166.8675,9.00197247972021
CC(C)(C)NCC(O)C1=CC(O)=CC(O)=C1,119,112.1515,128.81221,127.68546,112.595184,109.56992,133.97562,134.6304,116.84681,219.0169,128.42894,132.3712944,30.2095210009781
CC12CCC3C(CCC4=CC(=O)CCC34C)C1CCC2O,153,121.51786,154.56279,147.06792,135.70079,151.7176,138.75502,160.0235,173.73795,141.47061,144.97348,146.952752,13.5780543233357
CN1CCC(CC1)N(CC1=CC=CS1)C1=CC=CC=C1,95,81.63076,125.902145,90.61761,103.211205,103.55049,99.380646,127.35872,93.92345,80.89387,105.19107,101.1659966,15.1112564090838
CCCCS(=O)(=O)NC(CC1=CC=C(OCCCCC2CCNCC2)C=C1)C(O)=O,223,217.39941,220.28818,214.70726,214.59622,222.361,212.53935,177.32722,222.59985,223.55551,190.81613,211.619013,14.5428729349644
CC1=CC=C(C=C1)S(=O)(=O)NC(=O)NN1CCCCCC1,170,157.82741,150.28773,157.22275,185.3239,160.51013,184.05493,179.51154,167.29973,163.87561,157.43248,166.334621,11.7528115167644
CN(C(=S)OC1=CC=C2CCCC2=C1)C1=CC=CC(C)=C1,94,87.94549,93.083496,86.24966,72.89847,100.85374,94.79064,98.82294,94.11296,96.137924,96.83514,92.173046,7.70027864332994
CC(C)NC(=O)NS(=O)(=O)C1=CN=CC=C1NC1=CC=CC(C)=C1,163,196.07578,168.53397,162.51808,160.3076,160.1488,167.17879,166.34982,174.43439,156.94743,168.8976,168.139226,10.5212658829555
CC(CN(C)C)CN1C2=CC=CC=C2CCC2=CC=CC=C12,45,53.591187,80.59962,46.58105,66.18453,50.665485,35.953922,54.80513,65.35696,48.84081,89.50696,59.2085654,15.4715516788055
CC(C)(C)NCC(O)C1=CC=CC=C1Cl,89,108.42424,89.228195,95.033585,82.62266,91.624245,107.55981,109.31795,96.06806,95.831024,104.03373,97.9743499,8.57813455659709
CC(C)CC(NC(=O)C(O)C(N)CC1=CC=CC=C1)C(O)=O,233,220.26999,222.52899,212.32768,214.38844,187.83778,228.10529,234.30098,228.32172,212.83687,175.57832,213.649606,17.5841320648318
OC(=O)CN1CSC(=S)N(CC2=CC=CC=C2)C1,152,147.78227,151.05278,145.60161,151.92117,137.31789,123.32265,144.97075,148.9273,134.46204,136.9498,142.230826,8.57997455327369
CC(CCC(O)=O)C1CCC2C3C(O)CC4CC(O)CCC4(C)C3CCC12C,203,177.7732,218.06584,184.68803,175.32346,208.53773,178.28815,234.47533,199.49167,191.8173,204.5017,197.296241,18.4689362488761
CCC(C)C(CC)C(N)=O,113.5,100.39631,91.84129,119.96696,103.352036,103.71217,69.726616,110.74187,99.25883,103.78915,126.92295,102.9708182,14.7437363755045
CC(CC(C(N)=O)(C1=CC=CC=C1)C1=CC=CC=N1)N(C)C,156,132.56876,139.0525,144.81555,147.68184,122.44934,153.42467,170.46452,152.36328,137.22302,135.2441,143.528758,12.7016347235848
COC1=CC=C(C=NNC(=O)C2=CC=NC=C2)C=C1OC,189,200.14429,224.58112,222.18585,198.15315,178.725,201.32141,279.257,243.83682,226.90065,217.77722,219.288251,26.6024320622474
NC(CCC(O)=O)C=C,209,170.6925,46.013687,199.54004,69.8342,134.73941,179.78769,179.25119,207.59288,158.60281,67.9685,141.4022907,56.1060043188724
CCN1CCC2=C3C1CC=C(N3C1=C2C=CC=C1)C(=O)OC,120,118.14033,128.04073,114.848206,115.232124,128.97873,120.56185,118.9257,169.36488,104.773605,118.22581,123.7091965,16.5341270354604
CC(C(O)=O)C1=CC=C(C=C1)C1CCCC(C1)=NO,178,164.07379,173.4429,100.10961,181.67671,178.45352,184.77948,186.65784,169.71204,165.88734,183.50851,168.830174,24.12707227583
CC1=CC(=CC(C)=C1CC1=NCCN1)C(C)(C)C,131,155.7673,126.50709,139.10321,112.36564,157.31604,131.82625,126.117714,128.24374,135.55998,143.27895,135.6085914,13.1542084306531
COC(=O)C1C(O)CCC2CN3CCC4=C(NC5=C4C=CC=C5)C3CC12,234,208.79305,212.37112,175.03271,191.24718,187.45769,209.18678,192.21634,219.09253,195.22963,222.21077,201.28378,14.4801592567216
CC1=CN(C2CC(N=[N+]=[N-])C(CO)O2)C(=O)NC1=O,106,97.42042,103.17153,100.593094,132.03159,84.85379,100.42105,93.73724,106.51281,106.87013,109.883934,103.5495588,11.718397211672
CC(N(O)C(N)=O)C1=CC2=C(S1)C=CC=C2,157,152.19174,135.87401,158.23082,144.79317,147.7167,153.68533,149.43413,155.51245,148.18092,160.7314,150.635067,6.80548397433136
CS(=O)(=O)C1=CC=C(C=C1)C1=CN2C=CC=CC2=N1,242,229.2555,221.93222,221.52173,228.92392,225.63739,236.17221,232.9242,244.32994,241.62375,237.2214,231.954226,7.47515366068979
CN(C)CCOC1=CC2=CC=CC=C2SC2=CC=C(Cl)C=C12,90,104.673744,99.20968,128.03781,91.94088,89.44677,102.720825,98.33965,86.94102,123.69237,104.45012,102.9452869,12.8840551897492
